,Ticker,CIK,10-K Report Date,Notes Link,10-K Report Page URL
0,AECOM Technology Corp,0000868857,2017-11-14,https://www.sec.gov/Archives/edgar/data/0000868857/000104746917007051/R10.htm,https://www.sec.gov/Archives/edgar/data/0000868857/0001047469-17-007051-index.htm
1,AECOM Technology Corp,0000868857,2016-11-16,https://www.sec.gov/Archives/edgar/data/0000868857/000104746916016739/R10.htm,https://www.sec.gov/Archives/edgar/data/0000868857/0001047469-16-016739-index.htm
2,AECOM Technology Corp,0000868857,2015-11-25,https://www.sec.gov/Archives/edgar/data/0000868857/000104746915008965/R11.htm,https://www.sec.gov/Archives/edgar/data/0000868857/0001047469-15-008965-index.htm
3,AECOM Technology Corp,0000868857,2014-11-17,https://www.sec.gov/Archives/edgar/data/0000868857/000104746914009283/R11.htm,https://www.sec.gov/Archives/edgar/data/0000868857/0001047469-14-009283-index.htm
4,AECOM Technology Corp,0000868857,2013-11-13,https://www.sec.gov/Archives/edgar/data/0000868857/000104746913010484/R11.htm,https://www.sec.gov/Archives/edgar/data/0000868857/0001047469-13-010484-index.htm
5,AECOM Technology Corp,0000868857,2012-11-19,https://www.sec.gov/Archives/edgar/data/0000868857/000104746912010679/R10.htm,https://www.sec.gov/Archives/edgar/data/0000868857/0001047469-12-010679-index.htm
6,AECOM Technology Corp,0000868857,2011-11-21,https://www.sec.gov/Archives/edgar/data/0000868857/000104746911009697/R10.htm,https://www.sec.gov/Archives/edgar/data/0000868857/0001047469-11-009697-index.htm
7,AECOM Technology Corp,0000868857,2010-11-22,AECOM Technology Corp_2010-11-22_report_0.html,https://www.sec.gov/Archives/edgar/data/0000868857/0001047469-10-009946-index.htm
8,AECOM Technology Corp,0000868857,2010-11-22,AECOM Technology Corp_2010-11-22_report_1.html,https://www.sec.gov/Archives/edgar/data/0000868857/0001047469-10-009946-index.htm
9,AECOM Technology Corp,0000868857,2009-11-27,AECOM Technology Corp_2009-11-27_report_0.html,https://www.sec.gov/Archives/edgar/data/0000868857/0001047469-09-010452-index.htm
10,AECOM Technology Corp,0000868857,2009-11-27,AECOM Technology Corp_2009-11-27_report_1.html,https://www.sec.gov/Archives/edgar/data/0000868857/0001047469-09-010452-index.htm
11,AECOM Technology Corp,0000868857,2009-11-27,AECOM Technology Corp_2009-11-27_report_2.html,https://www.sec.gov/Archives/edgar/data/0000868857/0001047469-09-010452-index.htm
12,AECOM Technology Corp,0000868857,2008-12-01,AECOM Technology Corp_2008-12-01_report_0.html,https://www.sec.gov/Archives/edgar/data/0000868857/0001047469-08-012648-index.htm
13,AECOM Technology Corp,0000868857,2008-12-01,AECOM Technology Corp_2008-12-01_report_1.html,https://www.sec.gov/Archives/edgar/data/0000868857/0001047469-08-012648-index.htm
14,AECOM Technology Corp,0000868857,2008-12-01,AECOM Technology Corp_2008-12-01_report_2.html,https://www.sec.gov/Archives/edgar/data/0000868857/0001047469-08-012648-index.htm
15,AECOM Technology Corp,0000868857,2008-12-01,AECOM Technology Corp_2008-12-01_report_3.html,https://www.sec.gov/Archives/edgar/data/0000868857/0001047469-08-012648-index.htm
16,AECOM Technology Corp,0000868857,2007-12-13,AECOM Technology Corp_2007-12-13_report_0.html,https://www.sec.gov/Archives/edgar/data/0000868857/0001047469-07-010009-index.htm
17,AECOM Technology Corp,0000868857,2007-12-13,AECOM Technology Corp_2007-12-13_report_1.html,https://www.sec.gov/Archives/edgar/data/0000868857/0001047469-07-010009-index.htm
18,Airgas Inc,0000804212,2016-05-10,https://www.sec.gov/Archives/edgar/data/0000804212/000080421216000048/R12.htm,https://www.sec.gov/Archives/edgar/data/0000804212/0000804212-16-000048-index.htm
19,Airgas Inc,0000804212,2015-05-27,https://www.sec.gov/Archives/edgar/data/0000804212/000080421215000014/R11.htm,https://www.sec.gov/Archives/edgar/data/0000804212/0000804212-15-000014-index.htm
20,Airgas Inc,0000804212,2014-05-29,https://www.sec.gov/Archives/edgar/data/0000804212/000080421214000014/R9.htm,https://www.sec.gov/Archives/edgar/data/0000804212/0000804212-14-000014-index.htm
21,Airgas Inc,0000804212,2013-05-22,https://www.sec.gov/Archives/edgar/data/0000804212/000080421213000015/R9.htm,https://www.sec.gov/Archives/edgar/data/0000804212/0000804212-13-000015-index.htm
22,Airgas Inc,0000804212,2012-05-29,https://www.sec.gov/Archives/edgar/data/0000804212/000080421212000016/R11.htm,https://www.sec.gov/Archives/edgar/data/0000804212/0000804212-12-000016-index.htm
23,Airgas Inc,0000804212,2011-05-26,https://www.sec.gov/Archives/edgar/data/0000804212/000119312511151211/R10.htm,https://www.sec.gov/Archives/edgar/data/0000804212/0001193125-11-151211-index.htm
24,Airgas Inc,0000804212,2010-05-27,Airgas Inc_2010-05-27_report_0.html,https://www.sec.gov/Archives/edgar/data/0000804212/0001193125-10-130586-index.htm
25,Airgas Inc,0000804212,2010-05-27,Airgas Inc_2010-05-27_report_1.html,https://www.sec.gov/Archives/edgar/data/0000804212/0001193125-10-130586-index.htm
26,Airgas Inc,0000804212,2010-05-27,Airgas Inc_2010-05-27_report_2.html,https://www.sec.gov/Archives/edgar/data/0000804212/0001193125-10-130586-index.htm
27,Airgas Inc,0000804212,2010-05-27,Airgas Inc_2010-05-27_report_3.html,https://www.sec.gov/Archives/edgar/data/0000804212/0001193125-10-130586-index.htm
28,Allergan Inc,0000850693,2015-02-19,https://www.sec.gov/Archives/edgar/data/0000850693/000085069315000002/R13.htm,https://www.sec.gov/Archives/edgar/data/0000850693/0000850693-15-000002-index.htm
29,Allergan Inc,0000850693,2014-02-25,https://www.sec.gov/Archives/edgar/data/0000850693/000085069314000002/R13.htm,https://www.sec.gov/Archives/edgar/data/0000850693/0000850693-14-000002-index.htm
30,Allergan Inc,0000850693,2013-02-26,https://www.sec.gov/Archives/edgar/data/0000850693/000085069313000002/R11.htm,https://www.sec.gov/Archives/edgar/data/0000850693/0000850693-13-000002-index.htm
31,Allergan Inc,0000850693,2012-02-28,https://www.sec.gov/Archives/edgar/data/0000850693/000085069312000003/R10.htm,https://www.sec.gov/Archives/edgar/data/0000850693/0000850693-12-000003-index.htm
32,Allergan Inc,0000850693,2011-03-01,Allergan Inc_2011-03-01_report_0.html,https://www.sec.gov/Archives/edgar/data/0000850693/0001193125-11-050632-index.htm
33,Allergan Inc,0000850693,2011-03-01,Allergan Inc_2011-03-01_report_1.html,https://www.sec.gov/Archives/edgar/data/0000850693/0001193125-11-050632-index.htm
34,Allergan Inc,0000850693,2011-03-01,Allergan Inc_2011-03-01_report_2.html,https://www.sec.gov/Archives/edgar/data/0000850693/0001193125-11-050632-index.htm
35,Allergan Inc,0000850693,2010-02-26,Allergan Inc_2010-02-26_report_0.html,https://www.sec.gov/Archives/edgar/data/0000850693/0001193125-10-043126-index.htm
36,Allergan Inc,0000850693,2009-02-27,Allergan Inc_2009-02-27_report_0.html,https://www.sec.gov/Archives/edgar/data/0000850693/0001193125-09-040955-index.htm
37,Allergan Inc,0000850693,2008-02-28,Allergan Inc_2008-02-28_report_0.html,https://www.sec.gov/Archives/edgar/data/0000850693/0000892569-08-000184-index.htm
38,Allergan PLC,0001578845,2014-02-25,https://www.sec.gov/Archives/edgar/data/0001578845/000119312514066242/R11.htm,https://www.sec.gov/Archives/edgar/data/0001578845/0001193125-14-066242-index.htm
39,American Campus Comm Inc,0001283630,2017-03-01,https://www.sec.gov/Archives/edgar/data/0001283630/000128363017000029/R11.htm,https://www.sec.gov/Archives/edgar/data/0001283630/0001283630-17-000029-index.htm
40,American Campus Comm Inc,0001283630,2016-02-29,https://www.sec.gov/Archives/edgar/data/0001283630/000128363016000038/R11.htm,https://www.sec.gov/Archives/edgar/data/0001283630/0001283630-16-000038-index.htm
41,American Campus Comm Inc,0001283630,2015-02-26,https://www.sec.gov/Archives/edgar/data/0001283630/000128363015000003/R11.htm,https://www.sec.gov/Archives/edgar/data/0001283630/0001283630-15-000003-index.htm
42,American Campus Comm Inc,0001283630,2014-03-03,https://www.sec.gov/Archives/edgar/data/0001283630/000128363014000003/R11.htm,https://www.sec.gov/Archives/edgar/data/0001283630/0001283630-14-000003-index.htm
43,American Campus Comm Inc,0001283630,2013-03-01,https://www.sec.gov/Archives/edgar/data/0001283630/000118811213000543/R11.htm,https://www.sec.gov/Archives/edgar/data/0001283630/0001188112-13-000543-index.htm
44,American Campus Comm Inc,0001283630,2012-02-28,https://www.sec.gov/Archives/edgar/data/0001283630/000118811212000524/R11.htm,https://www.sec.gov/Archives/edgar/data/0001283630/0001188112-12-000524-index.htm
45,Ameris Bancorp,0000351569,2017-02-27,https://www.sec.gov/Archives/edgar/data/0000351569/000114420417011082/R12.htm,https://www.sec.gov/Archives/edgar/data/0000351569/0001144204-17-011082-index.htm
46,Ameris Bancorp,0000351569,2016-02-29,https://www.sec.gov/Archives/edgar/data/0000351569/000114420416085023/R12.htm,https://www.sec.gov/Archives/edgar/data/0000351569/0001144204-16-085023-index.htm
47,Ameris Bancorp,0000351569,2015-03-16,https://www.sec.gov/Archives/edgar/data/0000351569/000119312515092877/R11.htm,https://www.sec.gov/Archives/edgar/data/0000351569/0001193125-15-092877-index.htm
48,Ameris Bancorp,0000351569,2014-03-14,https://www.sec.gov/Archives/edgar/data/0000351569/000119312514099592/R10.htm,https://www.sec.gov/Archives/edgar/data/0000351569/0001193125-14-099592-index.htm
49,Ameris Bancorp,0000351569,2013-03-01,https://www.sec.gov/Archives/edgar/data/0000351569/000119312513087270/R10.htm,https://www.sec.gov/Archives/edgar/data/0000351569/0001193125-13-087270-index.htm
50,Ameris Bancorp,0000351569,2012-02-27,https://www.sec.gov/Archives/edgar/data/0000351569/000119312512081868/R10.htm,https://www.sec.gov/Archives/edgar/data/0000351569/0001193125-12-081868-index.htm
51,Ameris Bancorp,0000351569,2011-03-16,Ameris Bancorp_2011-03-16_report_0.html,https://www.sec.gov/Archives/edgar/data/0000351569/0001193125-11-068317-index.htm
52,Ameris Bancorp,0000351569,2011-03-16,Ameris Bancorp_2011-03-16_report_1.html,https://www.sec.gov/Archives/edgar/data/0000351569/0001193125-11-068317-index.htm
53,Ameris Bancorp,0000351569,2011-03-16,Ameris Bancorp_2011-03-16_report_2.html,https://www.sec.gov/Archives/edgar/data/0000351569/0001193125-11-068317-index.htm
54,Ameris Bancorp,0000351569,2011-03-16,Ameris Bancorp_2011-03-16_report_3.html,https://www.sec.gov/Archives/edgar/data/0000351569/0001193125-11-068317-index.htm
55,Ameris Bancorp,0000351569,2011-03-16,Ameris Bancorp_2011-03-16_report_4.html,https://www.sec.gov/Archives/edgar/data/0000351569/0001193125-11-068317-index.htm
56,Ameris Bancorp,0000351569,2010-03-16,Ameris Bancorp_2010-03-16_report_0.html,https://www.sec.gov/Archives/edgar/data/0000351569/0001193125-10-058101-index.htm
57,Ameris Bancorp,0000351569,2010-03-16,Ameris Bancorp_2010-03-16_report_1.html,https://www.sec.gov/Archives/edgar/data/0000351569/0001193125-10-058101-index.htm
58,Ameris Bancorp,0000351569,2010-03-16,Ameris Bancorp_2010-03-16_report_2.html,https://www.sec.gov/Archives/edgar/data/0000351569/0001193125-10-058101-index.htm
59,Ameris Bancorp,0000351569,2010-03-16,Ameris Bancorp_2010-03-16_report_3.html,https://www.sec.gov/Archives/edgar/data/0000351569/0001193125-10-058101-index.htm
60,Ameris Bancorp,0000351569,2010-03-16,Ameris Bancorp_2010-03-16_report_4.html,https://www.sec.gov/Archives/edgar/data/0000351569/0001193125-10-058101-index.htm
61,Ameris Bancorp,0000351569,2010-03-16,Ameris Bancorp_2010-03-16_report_5.html,https://www.sec.gov/Archives/edgar/data/0000351569/0001193125-10-058101-index.htm
62,Ameris Bancorp,0000351569,2009-03-16,Ameris Bancorp_2009-03-16_report_0.html,https://www.sec.gov/Archives/edgar/data/0000351569/0001193125-09-055044-index.htm
63,Ameris Bancorp,0000351569,2009-03-16,Ameris Bancorp_2009-03-16_report_1.html,https://www.sec.gov/Archives/edgar/data/0000351569/0001193125-09-055044-index.htm
64,Ameris Bancorp,0000351569,2009-03-16,Ameris Bancorp_2009-03-16_report_2.html,https://www.sec.gov/Archives/edgar/data/0000351569/0001193125-09-055044-index.htm
65,Ameris Bancorp,0000351569,2009-03-16,Ameris Bancorp_2009-03-16_report_3.html,https://www.sec.gov/Archives/edgar/data/0000351569/0001193125-09-055044-index.htm
66,Bed Bath & Beyond Inc,0000886158,2017-04-25,https://www.sec.gov/Archives/edgar/data/0000886158/000117184317002300/R9.htm,https://www.sec.gov/Archives/edgar/data/0000886158/0001171843-17-002300-index.htm
67,Bed Bath & Beyond Inc,0000886158,2015-04-28,https://www.sec.gov/Archives/edgar/data/0000886158/000117184315002257/R9.htm,https://www.sec.gov/Archives/edgar/data/0000886158/0001171843-15-002257-index.htm
68,Bed Bath & Beyond Inc,0000886158,2014-04-29,https://www.sec.gov/Archives/edgar/data/0000886158/000117184314001962/R9.htm,https://www.sec.gov/Archives/edgar/data/0000886158/0001171843-14-001962-index.htm
69,Bed Bath & Beyond Inc,0000886158,2013-04-30,https://www.sec.gov/Archives/edgar/data/0000886158/000110465913035115/R9.htm,https://www.sec.gov/Archives/edgar/data/0000886158/0001104659-13-035115-index.htm
70,BioMarin Pharmaceutical Inc,0001048477,2017-02-27,https://www.sec.gov/Archives/edgar/data/0001048477/000156459017002483/R13.htm,https://www.sec.gov/Archives/edgar/data/0001048477/0001564590-17-002483-index.htm
71,BioMarin Pharmaceutical Inc,0001048477,2016-02-29,https://www.sec.gov/Archives/edgar/data/0001048477/000156459016013653/R13.htm,https://www.sec.gov/Archives/edgar/data/0001048477/0001564590-16-013653-index.htm
72,BioMarin Pharmaceutical Inc,0001048477,2015-03-02,https://www.sec.gov/Archives/edgar/data/0001048477/000156459015001140/R15.htm,https://www.sec.gov/Archives/edgar/data/0001048477/0001564590-15-001140-index.htm
73,BioMarin Pharmaceutical Inc,0001048477,2015-03-02,https://www.sec.gov/Archives/edgar/data/0001048477/000156459015001140/R29.htm,https://www.sec.gov/Archives/edgar/data/0001048477/0001564590-15-001140-index.htm
74,BioMarin Pharmaceutical Inc,0001048477,2014-02-26,https://www.sec.gov/Archives/edgar/data/0001048477/000119312514070025/R15.htm,https://www.sec.gov/Archives/edgar/data/0001048477/0001193125-14-070025-index.htm
75,BioMarin Pharmaceutical Inc,0001048477,2013-02-26,https://www.sec.gov/Archives/edgar/data/0001048477/000119312513077031/R24.htm,https://www.sec.gov/Archives/edgar/data/0001048477/0001193125-13-077031-index.htm
76,BioMarin Pharmaceutical Inc,0001048477,2013-02-26,https://www.sec.gov/Archives/edgar/data/0001048477/000119312513077031/R25.htm,https://www.sec.gov/Archives/edgar/data/0001048477/0001193125-13-077031-index.htm
77,BioMarin Pharmaceutical Inc,0001048477,2012-02-22,https://www.sec.gov/Archives/edgar/data/0001048477/000119312512072924/R11.htm,https://www.sec.gov/Archives/edgar/data/0001048477/0001193125-12-072924-index.htm
78,BioMarin Pharmaceutical Inc,0001048477,2012-02-22,https://www.sec.gov/Archives/edgar/data/0001048477/000119312512072924/R12.htm,https://www.sec.gov/Archives/edgar/data/0001048477/0001193125-12-072924-index.htm
79,BioMarin Pharmaceutical Inc,0001048477,2012-02-22,https://www.sec.gov/Archives/edgar/data/0001048477/000119312512072924/R13.htm,https://www.sec.gov/Archives/edgar/data/0001048477/0001193125-12-072924-index.htm
80,BioMarin Pharmaceutical Inc,0001048477,2011-02-24,BioMarin Pharmaceutical Inc_2011-02-24_report_0.html,https://www.sec.gov/Archives/edgar/data/0001048477/0001193125-11-045527-index.htm
81,BioMarin Pharmaceutical Inc,0001048477,2010-02-26,BioMarin Pharmaceutical Inc_2010-02-26_report_0.html,https://www.sec.gov/Archives/edgar/data/0001048477/0001193125-10-041516-index.htm
82,Bottomline Technologies Inc,0001073349,2016-08-29,https://www.sec.gov/Archives/edgar/data/0001073349/000119312516694935/R11.htm,https://www.sec.gov/Archives/edgar/data/0001073349/0001193125-16-694935-index.htm
83,Bottomline Technologies Inc,0001073349,2015-08-28,https://www.sec.gov/Archives/edgar/data/0001073349/000119312515306606/R11.htm,https://www.sec.gov/Archives/edgar/data/0001073349/0001193125-15-306606-index.htm
84,Bottomline Technologies Inc,0001073349,2014-08-28,https://www.sec.gov/Archives/edgar/data/0001073349/000119312514324477/R11.htm,https://www.sec.gov/Archives/edgar/data/0001073349/0001193125-14-324477-index.htm
85,Bottomline Technologies Inc,0001073349,2013-08-29,https://www.sec.gov/Archives/edgar/data/0001073349/000119312513351488/R11.htm,https://www.sec.gov/Archives/edgar/data/0001073349/0001193125-13-351488-index.htm
86,Bottomline Technologies Inc,0001073349,2012-08-27,https://www.sec.gov/Archives/edgar/data/0001073349/000119312512369412/R11.htm,https://www.sec.gov/Archives/edgar/data/0001073349/0001193125-12-369412-index.htm
87,Bottomline Technologies Inc,0001073349,2011-09-09,https://www.sec.gov/Archives/edgar/data/0001073349/000119312511244233/R11.htm,https://www.sec.gov/Archives/edgar/data/0001073349/0001193125-11-244233-index.htm
88,Bottomline Technologies Inc,0001073349,2010-09-10,Bottomline Technologies Inc_2010-09-10_report_0.html,https://www.sec.gov/Archives/edgar/data/0001073349/0001193125-10-207831-index.htm
89,Bottomline Technologies Inc,0001073349,2010-09-10,Bottomline Technologies Inc_2010-09-10_report_1.html,https://www.sec.gov/Archives/edgar/data/0001073349/0001193125-10-207831-index.htm
90,Bottomline Technologies Inc,0001073349,2009-09-11,Bottomline Technologies Inc_2009-09-11_report_0.html,https://www.sec.gov/Archives/edgar/data/0001073349/0001193125-09-190353-index.htm
91,Bottomline Technologies Inc,0001073349,2009-09-11,Bottomline Technologies Inc_2009-09-11_report_1.html,https://www.sec.gov/Archives/edgar/data/0001073349/0001193125-09-190353-index.htm
92,Bottomline Technologies Inc,0001073349,2008-09-12,Bottomline Technologies Inc_2008-09-12_report_0.html,https://www.sec.gov/Archives/edgar/data/0001073349/0001193125-08-195286-index.htm
93,Bottomline Technologies Inc,0001073349,2008-09-12,Bottomline Technologies Inc_2008-09-12_report_1.html,https://www.sec.gov/Archives/edgar/data/0001073349/0001193125-08-195286-index.htm
94,Bottomline Technologies Inc,0001073349,2007-09-12,Bottomline Technologies Inc_2007-09-12_report_0.html,https://www.sec.gov/Archives/edgar/data/0001073349/0001193125-07-199767-index.htm
95,Bottomline Technologies Inc,0001073349,2007-09-12,Bottomline Technologies Inc_2007-09-12_report_1.html,https://www.sec.gov/Archives/edgar/data/0001073349/0001193125-07-199767-index.htm
96,Comcast Corp,0001166691,2013-02-21,https://www.sec.gov/Archives/edgar/data/0001166691/000119312513067658/R12.htm,https://www.sec.gov/Archives/edgar/data/0001166691/0001193125-13-067658-index.htm
97,Comcast Corp,0001166691,2012-02-23,https://www.sec.gov/Archives/edgar/data/0001166691/000119312512073905/R12.htm,https://www.sec.gov/Archives/edgar/data/0001166691/0001193125-12-073905-index.htm
98,Comcast Corp,0001166691,2011-02-25,Comcast Corp_2011-02-25_report_0.html,https://www.sec.gov/Archives/edgar/data/0001166691/0001193125-11-047243-index.htm
99,Comcast Corp,0001166691,2011-02-25,Comcast Corp_2011-02-25_report_1.html,https://www.sec.gov/Archives/edgar/data/0001166691/0001193125-11-047243-index.htm
100,Comcast Corp,0001166691,2010-02-23,Comcast Corp_2010-02-23_report_0.html,https://www.sec.gov/Archives/edgar/data/0001166691/0001193125-10-037551-index.htm
101,Comcast Corp,0001166691,2010-02-23,Comcast Corp_2010-02-23_report_1.html,https://www.sec.gov/Archives/edgar/data/0001166691/0001193125-10-037551-index.htm
102,Comcast Corp,0001166691,2010-02-23,Comcast Corp_2010-02-23_report_2.html,https://www.sec.gov/Archives/edgar/data/0001166691/0001193125-10-037551-index.htm
103,Comcast Corp,0001166691,2009-02-20,Comcast Corp_2009-02-20_report_0.html,https://www.sec.gov/Archives/edgar/data/0001166691/0001193125-09-033975-index.htm
104,Comcast Corp,0001166691,2009-02-20,Comcast Corp_2009-02-20_report_1.html,https://www.sec.gov/Archives/edgar/data/0001166691/0001193125-09-033975-index.htm
105,Comcast Corp,0001166691,2009-02-20,Comcast Corp_2009-02-20_report_2.html,https://www.sec.gov/Archives/edgar/data/0001166691/0001193125-09-033975-index.htm
106,Comcast Corp,0001166691,2009-02-20,Comcast Corp_2009-02-20_report_3.html,https://www.sec.gov/Archives/edgar/data/0001166691/0001193125-09-033975-index.htm
107,Comcast Corp,0001166691,2008-02-20,Comcast Corp_2008-02-20_report_0.html,https://www.sec.gov/Archives/edgar/data/0001166691/0001193125-08-034239-index.htm
108,Comcast Corp,0001166691,2008-02-20,Comcast Corp_2008-02-20_report_1.html,https://www.sec.gov/Archives/edgar/data/0001166691/0001193125-08-034239-index.htm
109,Comcast Corp,0001166691,2008-02-20,Comcast Corp_2008-02-20_report_2.html,https://www.sec.gov/Archives/edgar/data/0001166691/0001193125-08-034239-index.htm
110,Comcast Corp,0001166691,2008-02-20,Comcast Corp_2008-02-20_report_3.html,https://www.sec.gov/Archives/edgar/data/0001166691/0001193125-08-034239-index.htm
111,DaVita HealthCare Partners Inc,0000927066,2017-02-24,https://www.sec.gov/Archives/edgar/data/0000927066/000156459017002409/R28.htm,https://www.sec.gov/Archives/edgar/data/0000927066/0001564590-17-002409-index.htm
112,DaVita HealthCare Partners Inc,0000927066,2016-02-26,https://www.sec.gov/Archives/edgar/data/0000927066/000156459016013587/R28.htm,https://www.sec.gov/Archives/edgar/data/0000927066/0001564590-16-013587-index.htm
113,DaVita HealthCare Partners Inc,0000927066,2015-02-26,https://www.sec.gov/Archives/edgar/data/0000927066/000156459015001035/R28.htm,https://www.sec.gov/Archives/edgar/data/0000927066/0001564590-15-001035-index.htm
114,DaVita HealthCare Partners Inc,0000927066,2014-02-21,https://www.sec.gov/Archives/edgar/data/0000927066/000119312514062565/R28.htm,https://www.sec.gov/Archives/edgar/data/0000927066/0001193125-14-062565-index.htm
115,DaVita HealthCare Partners Inc,0000927066,2013-03-01,https://www.sec.gov/Archives/edgar/data/0000927066/000119312513085450/R26.htm,https://www.sec.gov/Archives/edgar/data/0000927066/0001193125-13-085450-index.htm
116,DaVita HealthCare Partners Inc,0000927066,2012-02-24,https://www.sec.gov/Archives/edgar/data/0000927066/000119312512077942/R25.htm,https://www.sec.gov/Archives/edgar/data/0000927066/0001193125-12-077942-index.htm
117,DaVita HealthCare Partners Inc,0000927066,2011-02-25,DaVita HealthCare Partners Inc_2011-02-25_report_0.html,https://www.sec.gov/Archives/edgar/data/0000927066/0001193125-11-046882-index.htm
118,DaVita HealthCare Partners Inc,0000927066,2010-02-25,DaVita HealthCare Partners Inc_2010-02-25_report_0.html,https://www.sec.gov/Archives/edgar/data/0000927066/0001193125-10-040773-index.htm
119,DaVita HealthCare Partners Inc,0000927066,2009-02-27,DaVita HealthCare Partners Inc_2009-02-27_report_0.html,https://www.sec.gov/Archives/edgar/data/0000927066/0001193125-09-040883-index.htm
120,DaVita HealthCare Partners Inc,0000927066,2008-02-29,DaVita HealthCare Partners Inc_2008-02-29_report_0.html,https://www.sec.gov/Archives/edgar/data/0000927066/0001193125-08-042304-index.htm
121,DaVita HealthCare Partners Inc,0000927066,2007-02-28,DaVita HealthCare Partners Inc_2007-02-28_report_0.html,https://www.sec.gov/Archives/edgar/data/0000927066/0001193125-07-041368-index.htm
122,DaVita Inc,0000927066,2017-02-24,https://www.sec.gov/Archives/edgar/data/0000927066/000156459017002409/R28.htm,https://www.sec.gov/Archives/edgar/data/0000927066/0001564590-17-002409-index.htm
123,DaVita Inc,0000927066,2016-02-26,https://www.sec.gov/Archives/edgar/data/0000927066/000156459016013587/R28.htm,https://www.sec.gov/Archives/edgar/data/0000927066/0001564590-16-013587-index.htm
124,DaVita Inc,0000927066,2015-02-26,https://www.sec.gov/Archives/edgar/data/0000927066/000156459015001035/R28.htm,https://www.sec.gov/Archives/edgar/data/0000927066/0001564590-15-001035-index.htm
125,DaVita Inc,0000927066,2014-02-21,https://www.sec.gov/Archives/edgar/data/0000927066/000119312514062565/R28.htm,https://www.sec.gov/Archives/edgar/data/0000927066/0001193125-14-062565-index.htm
126,DaVita Inc,0000927066,2013-03-01,https://www.sec.gov/Archives/edgar/data/0000927066/000119312513085450/R26.htm,https://www.sec.gov/Archives/edgar/data/0000927066/0001193125-13-085450-index.htm
127,DaVita Inc,0000927066,2012-02-24,https://www.sec.gov/Archives/edgar/data/0000927066/000119312512077942/R25.htm,https://www.sec.gov/Archives/edgar/data/0000927066/0001193125-12-077942-index.htm
128,DaVita Inc,0000927066,2011-02-25,DaVita Inc_2011-02-25_report_0.html,https://www.sec.gov/Archives/edgar/data/0000927066/0001193125-11-046882-index.htm
129,DaVita Inc,0000927066,2010-02-25,DaVita Inc_2010-02-25_report_0.html,https://www.sec.gov/Archives/edgar/data/0000927066/0001193125-10-040773-index.htm
130,DaVita Inc,0000927066,2009-02-27,DaVita Inc_2009-02-27_report_0.html,https://www.sec.gov/Archives/edgar/data/0000927066/0001193125-09-040883-index.htm
131,DaVita Inc,0000927066,2008-02-29,DaVita Inc_2008-02-29_report_0.html,https://www.sec.gov/Archives/edgar/data/0000927066/0001193125-08-042304-index.htm
132,DaVita Inc,0000927066,2007-02-28,DaVita Inc_2007-02-28_report_0.html,https://www.sec.gov/Archives/edgar/data/0000927066/0001193125-07-041368-index.htm
133,Dun & Bradstreet Corp,0001115222,2017-02-23,https://www.sec.gov/Archives/edgar/data/0001115222/000111522217000007/R26.htm,https://www.sec.gov/Archives/edgar/data/0001115222/0001115222-17-000007-index.htm
134,Dun & Bradstreet Corp,0001115222,2016-02-26,https://www.sec.gov/Archives/edgar/data/0001115222/000111522216000045/R26.htm,https://www.sec.gov/Archives/edgar/data/0001115222/0001115222-16-000045-index.htm
135,Dun & Bradstreet Corp,0001115222,2013-02-28,https://www.sec.gov/Archives/edgar/data/0001115222/000111522213000004/R12.htm,https://www.sec.gov/Archives/edgar/data/0001115222/0001115222-13-000004-index.htm
136,Dun & Bradstreet Corp,0001115222,2012-02-29,https://www.sec.gov/Archives/edgar/data/0001115222/000119312512088493/R12.htm,https://www.sec.gov/Archives/edgar/data/0001115222/0001193125-12-088493-index.htm
137,Dun & Bradstreet Corp,0001115222,2011-03-01,Dun & Bradstreet Corp_2011-03-01_report_0.html,https://www.sec.gov/Archives/edgar/data/0001115222/0001193125-11-051310-index.htm
138,Dun & Bradstreet Corp,0001115222,2010-02-25,Dun & Bradstreet Corp_2010-02-25_report_0.html,https://www.sec.gov/Archives/edgar/data/0001115222/0001193125-10-039993-index.htm
139,Dun & Bradstreet Corp,0001115222,2010-02-25,Dun & Bradstreet Corp_2010-02-25_report_1.html,https://www.sec.gov/Archives/edgar/data/0001115222/0001193125-10-039993-index.htm
140,Dun & Bradstreet Corp,0001115222,2010-02-25,Dun & Bradstreet Corp_2010-02-25_report_2.html,https://www.sec.gov/Archives/edgar/data/0001115222/0001193125-10-039993-index.htm
141,Dun & Bradstreet Corp,0001115222,2010-02-25,Dun & Bradstreet Corp_2010-02-25_report_3.html,https://www.sec.gov/Archives/edgar/data/0001115222/0001193125-10-039993-index.htm
142,Dun & Bradstreet Corp,0001115222,2009-02-24,Dun & Bradstreet Corp_2009-02-24_report_0.html,https://www.sec.gov/Archives/edgar/data/0001115222/0001193125-09-036159-index.htm
143,Dun & Bradstreet Corp,0001115222,2008-02-25,Dun & Bradstreet Corp_2008-02-25_report_0.html,https://www.sec.gov/Archives/edgar/data/0001115222/0001193125-08-037503-index.htm
144,Dun & Bradstreet Corp,0001115222,2007-02-28,Dun & Bradstreet Corp_2007-02-28_report_0.html,https://www.sec.gov/Archives/edgar/data/0001115222/0001193125-07-041994-index.htm
145,Emerson Electric Co,0000032604,2017-11-20,https://www.sec.gov/Archives/edgar/data/0000032604/000003260417000046/R12.htm,https://www.sec.gov/Archives/edgar/data/0000032604/0000032604-17-000046-index.htm
146,Emerson Electric Co,0000032604,2016-11-16,https://www.sec.gov/Archives/edgar/data/0000032604/000003260416000105/R12.htm,https://www.sec.gov/Archives/edgar/data/0000032604/0000032604-16-000105-index.htm
147,Emerson Electric Co,0000032604,2015-11-18,https://www.sec.gov/Archives/edgar/data/0000032604/000003260415000051/R12.htm,https://www.sec.gov/Archives/edgar/data/0000032604/0000032604-15-000051-index.htm
148,Emerson Electric Co,0000032604,2014-11-19,https://www.sec.gov/Archives/edgar/data/0000032604/000003260414000048/R12.htm,https://www.sec.gov/Archives/edgar/data/0000032604/0000032604-14-000048-index.htm
149,Emerson Electric Co,0000032604,2013-11-19,https://www.sec.gov/Archives/edgar/data/0000032604/000003260413000044/R12.htm,https://www.sec.gov/Archives/edgar/data/0000032604/0000032604-13-000044-index.htm
150,Emerson Electric Co,0000032604,2012-11-20,https://www.sec.gov/Archives/edgar/data/0000032604/000003260412000012/R11.htm,https://www.sec.gov/Archives/edgar/data/0000032604/0000032604-12-000012-index.htm
151,Emerson Electric Co,0000032604,2011-11-22,https://www.sec.gov/Archives/edgar/data/0000032604/000114420411066373/R11.htm,https://www.sec.gov/Archives/edgar/data/0000032604/0001144204-11-066373-index.htm
152,Federal Signal Corp,0000277509,2017-02-28,https://www.sec.gov/Archives/edgar/data/0000277509/000027750917000008/R12.htm,https://www.sec.gov/Archives/edgar/data/0000277509/0000277509-17-000008-index.htm
153,Federal Signal Corp,0000277509,2012-03-14,https://www.sec.gov/Archives/edgar/data/0000277509/000119312512115045/R10.htm,https://www.sec.gov/Archives/edgar/data/0000277509/0001193125-12-115045-index.htm
154,Federal Signal Corp,0000277509,2011-03-16,Federal Signal Corp_2011-03-16_report_0.html,https://www.sec.gov/Archives/edgar/data/0000277509/0000950123-11-025900-index.htm
155,Federal Signal Corp,0000277509,2009-02-27,Federal Signal Corp_2009-02-27_report_0.html,https://www.sec.gov/Archives/edgar/data/0000277509/0000950137-09-001359-index.htm
156,Federal Signal Corp,0000277509,2008-02-27,Federal Signal Corp_2008-02-27_report_0.html,https://www.sec.gov/Archives/edgar/data/0000277509/0000950137-08-002837-index.htm
157,Ferro Corp,0000035214,2017-03-01,https://www.sec.gov/Archives/edgar/data/0000035214/000156276217000028/R13.htm,https://www.sec.gov/Archives/edgar/data/0000035214/0001562762-17-000028-index.htm
158,Ferro Corp,0000035214,2016-02-24,https://www.sec.gov/Archives/edgar/data/0000035214/000156276216000341/R12.htm,https://www.sec.gov/Archives/edgar/data/0000035214/0001562762-16-000341-index.htm
159,Ferro Corp,0000035214,2015-02-25,https://www.sec.gov/Archives/edgar/data/0000035214/000156276215000041/R12.htm,https://www.sec.gov/Archives/edgar/data/0000035214/0001562762-15-000041-index.htm
160,Gramercy Property Trust Inc,0001287701,2015-03-09,https://www.sec.gov/Archives/edgar/data/0001287701/000114420415014895/R11.htm,https://www.sec.gov/Archives/edgar/data/0001287701/0001144204-15-014895-index.htm
161,Gramercy Property Trust Inc,0001287701,2014-03-17,https://www.sec.gov/Archives/edgar/data/0001287701/000114420414015882/R10.htm,https://www.sec.gov/Archives/edgar/data/0001287701/0001144204-14-015882-index.htm
162,Gramercy Property Trust Inc,0001287701,2013-03-18,https://www.sec.gov/Archives/edgar/data/0001287701/000114420413015869/R10.htm,https://www.sec.gov/Archives/edgar/data/0001287701/0001144204-13-015869-index.htm
163,Gramercy Property Trust Inc,0001287701,2012-03-15,https://www.sec.gov/Archives/edgar/data/0001287701/000114420412015383/R10.htm,https://www.sec.gov/Archives/edgar/data/0001287701/0001144204-12-015383-index.htm
164,Gramercy Property Trust Inc,0001287701,2009-03-16,Gramercy Property Trust Inc_2009-03-16_report_0.html,https://www.sec.gov/Archives/edgar/data/0001287701/0001047469-09-002739-index.htm
165,Gramercy Property Trust Inc,0001287701,2009-03-16,Gramercy Property Trust Inc_2009-03-16_report_1.html,https://www.sec.gov/Archives/edgar/data/0001287701/0001047469-09-002739-index.htm
166,Gramercy Property Trust Inc,0001287701,2008-03-17,Gramercy Property Trust Inc_2008-03-17_report_0.html,https://www.sec.gov/Archives/edgar/data/0001287701/0001047469-08-002970-index.htm
167,Gramercy Property Trust Inc,0001287701,2008-03-17,Gramercy Property Trust Inc_2008-03-17_report_1.html,https://www.sec.gov/Archives/edgar/data/0001287701/0001047469-08-002970-index.htm
168,Gramercy Property Trust Inc,0001287701,2007-02-28,Gramercy Property Trust Inc_2007-02-28_report_0.html,https://www.sec.gov/Archives/edgar/data/0001287701/0001104659-07-014974-index.htm
169,Hanger Inc,0000722723,2017-05-12,https://www.sec.gov/Archives/edgar/data/0000722723/000110465917032012/R15.htm,https://www.sec.gov/Archives/edgar/data/0000722723/0001104659-17-032012-index.htm
170,Hanger Inc,0000722723,2014-04-04,https://www.sec.gov/Archives/edgar/data/0000722723/000104746914003425/R13.htm,https://www.sec.gov/Archives/edgar/data/0000722723/0001047469-14-003425-index.htm
171,Hanger Inc,0000722723,2013-03-18,Hanger Inc_2013-03-18_report_0.html,https://www.sec.gov/Archives/edgar/data/0000722723/0001047469-13-002994-index.htm
172,Hanger Inc,0000722723,2013-03-18,Hanger Inc_2013-03-18_report_1.html,https://www.sec.gov/Archives/edgar/data/0000722723/0001047469-13-002994-index.htm
173,Hanger Inc,0000722723,2013-03-18,Hanger Inc_2013-03-18_report_2.html,https://www.sec.gov/Archives/edgar/data/0000722723/0001047469-13-002994-index.htm
174,Hanger Inc,0000722723,2012-02-29,https://www.sec.gov/Archives/edgar/data/0000722723/000104746912001903/R13.htm,https://www.sec.gov/Archives/edgar/data/0000722723/0001047469-12-001903-index.htm
175,Hanger Inc,0000722723,2011-03-11,Hanger Inc_2011-03-11_report_0.html,https://www.sec.gov/Archives/edgar/data/0000722723/0001047469-11-002064-index.htm
176,Hanger Inc,0000722723,2011-03-11,Hanger Inc_2011-03-11_report_1.html,https://www.sec.gov/Archives/edgar/data/0000722723/0001047469-11-002064-index.htm
177,Hanger Inc,0000722723,2011-03-11,Hanger Inc_2011-03-11_report_2.html,https://www.sec.gov/Archives/edgar/data/0000722723/0001047469-11-002064-index.htm
178,Hanger Inc,0000722723,2010-03-03,Hanger Inc_2010-03-03_report_0.html,https://www.sec.gov/Archives/edgar/data/0000722723/0001047469-10-001757-index.htm
179,Hanger Inc,0000722723,2010-03-03,Hanger Inc_2010-03-03_report_1.html,https://www.sec.gov/Archives/edgar/data/0000722723/0001047469-10-001757-index.htm
180,Hanger Inc,0000722723,2010-03-03,Hanger Inc_2010-03-03_report_2.html,https://www.sec.gov/Archives/edgar/data/0000722723/0001047469-10-001757-index.htm
181,Hanger Inc,0000722723,2009-02-27,Hanger Inc_2009-02-27_report_0.html,https://www.sec.gov/Archives/edgar/data/0000722723/0001047469-09-001956-index.htm
182,Hanger Inc,0000722723,2009-02-27,Hanger Inc_2009-02-27_report_1.html,https://www.sec.gov/Archives/edgar/data/0000722723/0001047469-09-001956-index.htm
183,Hanger Orthopedic Group Inc,0000722723,2017-05-12,https://www.sec.gov/Archives/edgar/data/0000722723/000110465917032012/R15.htm,https://www.sec.gov/Archives/edgar/data/0000722723/0001104659-17-032012-index.htm
184,Hanger Orthopedic Group Inc,0000722723,2014-04-04,https://www.sec.gov/Archives/edgar/data/0000722723/000104746914003425/R13.htm,https://www.sec.gov/Archives/edgar/data/0000722723/0001047469-14-003425-index.htm
185,Hanger Orthopedic Group Inc,0000722723,2013-03-18,Hanger Orthopedic Group Inc_2013-03-18_report_0.html,https://www.sec.gov/Archives/edgar/data/0000722723/0001047469-13-002994-index.htm
186,Hanger Orthopedic Group Inc,0000722723,2013-03-18,Hanger Orthopedic Group Inc_2013-03-18_report_1.html,https://www.sec.gov/Archives/edgar/data/0000722723/0001047469-13-002994-index.htm
187,Hanger Orthopedic Group Inc,0000722723,2013-03-18,Hanger Orthopedic Group Inc_2013-03-18_report_2.html,https://www.sec.gov/Archives/edgar/data/0000722723/0001047469-13-002994-index.htm
188,Hanger Orthopedic Group Inc,0000722723,2012-02-29,https://www.sec.gov/Archives/edgar/data/0000722723/000104746912001903/R13.htm,https://www.sec.gov/Archives/edgar/data/0000722723/0001047469-12-001903-index.htm
189,Hanger Orthopedic Group Inc,0000722723,2011-03-11,Hanger Orthopedic Group Inc_2011-03-11_report_0.html,https://www.sec.gov/Archives/edgar/data/0000722723/0001047469-11-002064-index.htm
190,Hanger Orthopedic Group Inc,0000722723,2011-03-11,Hanger Orthopedic Group Inc_2011-03-11_report_1.html,https://www.sec.gov/Archives/edgar/data/0000722723/0001047469-11-002064-index.htm
191,Hanger Orthopedic Group Inc,0000722723,2011-03-11,Hanger Orthopedic Group Inc_2011-03-11_report_2.html,https://www.sec.gov/Archives/edgar/data/0000722723/0001047469-11-002064-index.htm
192,Hanger Orthopedic Group Inc,0000722723,2010-03-03,Hanger Orthopedic Group Inc_2010-03-03_report_0.html,https://www.sec.gov/Archives/edgar/data/0000722723/0001047469-10-001757-index.htm
193,Hanger Orthopedic Group Inc,0000722723,2010-03-03,Hanger Orthopedic Group Inc_2010-03-03_report_1.html,https://www.sec.gov/Archives/edgar/data/0000722723/0001047469-10-001757-index.htm
194,Hanger Orthopedic Group Inc,0000722723,2010-03-03,Hanger Orthopedic Group Inc_2010-03-03_report_2.html,https://www.sec.gov/Archives/edgar/data/0000722723/0001047469-10-001757-index.htm
195,Hanger Orthopedic Group Inc,0000722723,2009-02-27,Hanger Orthopedic Group Inc_2009-02-27_report_0.html,https://www.sec.gov/Archives/edgar/data/0000722723/0001047469-09-001956-index.htm
196,Hanger Orthopedic Group Inc,0000722723,2009-02-27,Hanger Orthopedic Group Inc_2009-02-27_report_1.html,https://www.sec.gov/Archives/edgar/data/0000722723/0001047469-09-001956-index.htm
197,Harman Intl Industries Inc,0000800459,2016-08-11,https://www.sec.gov/Archives/edgar/data/0000800459/000156459016024079/R9.htm,https://www.sec.gov/Archives/edgar/data/0000800459/0001564590-16-024079-index.htm
198,Harman Intl Industries Inc,0000800459,2015-08-07,https://www.sec.gov/Archives/edgar/data/0000800459/000119312515283170/R9.htm,https://www.sec.gov/Archives/edgar/data/0000800459/0001193125-15-283170-index.htm
199,Harman Intl Industries Inc,0000800459,2014-08-07,https://www.sec.gov/Archives/edgar/data/0000800459/000119312514300900/R9.htm,https://www.sec.gov/Archives/edgar/data/0000800459/0001193125-14-300900-index.htm
200,Harman Intl Industries Inc,0000800459,2013-08-09,https://www.sec.gov/Archives/edgar/data/0000800459/000119312513329239/R9.htm,https://www.sec.gov/Archives/edgar/data/0000800459/0001193125-13-329239-index.htm
201,Harman Intl Industries Inc,0000800459,2012-08-10,https://www.sec.gov/Archives/edgar/data/0000800459/000119312512349353/R8.htm,https://www.sec.gov/Archives/edgar/data/0000800459/0001193125-12-349353-index.htm
202,Harman Intl Industries Inc,0000800459,2011-08-11,https://www.sec.gov/Archives/edgar/data/0000800459/000119312511219632/R8.htm,https://www.sec.gov/Archives/edgar/data/0000800459/0001193125-11-219632-index.htm
203,Harman Intl Industries Inc,0000800459,2010-08-06,Harman Intl Industries Inc_2010-08-06_report_0.html,https://www.sec.gov/Archives/edgar/data/0000800459/0001193125-10-181476-index.htm
204,Harman Intl Industries Inc,0000800459,2009-08-19,Harman Intl Industries Inc_2009-08-19_report_0.html,https://www.sec.gov/Archives/edgar/data/0000800459/0001193125-09-178299-index.htm
205,Hercules Offshore Inc,0001330849,2016-03-30,https://www.sec.gov/Archives/edgar/data/0001330849/000133084916000134/R15.htm,https://www.sec.gov/Archives/edgar/data/0001330849/0001330849-16-000134-index.htm
206,Hercules Offshore Inc,0001330849,2015-03-02,https://www.sec.gov/Archives/edgar/data/0001330849/000133084915000019/R12.htm,https://www.sec.gov/Archives/edgar/data/0001330849/0001330849-15-000019-index.htm
207,Hercules Offshore Inc,0001330849,2014-02-27,https://www.sec.gov/Archives/edgar/data/0001330849/000133084914000017/R12.htm,https://www.sec.gov/Archives/edgar/data/0001330849/0001330849-14-000017-index.htm
208,Hercules Offshore Inc,0001330849,2011-03-10,Hercules Offshore Inc_2011-03-10_report_0.html,https://www.sec.gov/Archives/edgar/data/0001330849/0000950123-11-023885-index.htm
209,Hercules Offshore Inc,0001330849,2010-03-02,Hercules Offshore Inc_2010-03-02_report_0.html,https://www.sec.gov/Archives/edgar/data/0001330849/0000950123-10-020083-index.htm
210,Hercules Offshore Inc,0001330849,2009-02-26,Hercules Offshore Inc_2009-02-26_report_0.html,https://www.sec.gov/Archives/edgar/data/0001330849/0000950129-09-000635-index.htm
211,Hercules Offshore Inc,0001330849,2008-02-27,Hercules Offshore Inc_2008-02-27_report_0.html,https://www.sec.gov/Archives/edgar/data/0001330849/0000950134-08-003512-index.htm
212,Hercules Offshore Inc,0001330849,2007-02-28,Hercules Offshore Inc_2007-02-28_report_0.html,https://www.sec.gov/Archives/edgar/data/0001330849/0001193125-07-041377-index.htm
213,Measurement Specialties Inc,0000778734,2014-06-03,https://www.sec.gov/Archives/edgar/data/0000778734/000114420414035200/R13.htm,https://www.sec.gov/Archives/edgar/data/0000778734/0001144204-14-035200-index.htm
214,Measurement Specialties Inc,0000778734,2013-06-05,https://www.sec.gov/Archives/edgar/data/0000778734/000114420413033392/R13.htm,https://www.sec.gov/Archives/edgar/data/0000778734/0001144204-13-033392-index.htm
215,Measurement Specialties Inc,0000778734,2012-06-06,https://www.sec.gov/Archives/edgar/data/0000778734/000114420412033516/R12.htm,https://www.sec.gov/Archives/edgar/data/0000778734/0001144204-12-033516-index.htm
216,Microsoft Corp,0000789019,2009-07-30,Microsoft Corp_2009-07-30_report_0.html,https://www.sec.gov/Archives/edgar/data/0000789019/0001193125-09-158735-index.htm
217,Microsoft Corp,0000789019,2009-07-30,Microsoft Corp_2009-07-30_report_1.html,https://www.sec.gov/Archives/edgar/data/0000789019/0001193125-09-158735-index.htm
218,Microsoft Corp,0000789019,2008-07-31,Microsoft Corp_2008-07-31_report_0.html,https://www.sec.gov/Archives/edgar/data/0000789019/0001193125-08-162768-index.htm
219,Microsoft Corp,0000789019,2008-07-31,Microsoft Corp_2008-07-31_report_1.html,https://www.sec.gov/Archives/edgar/data/0000789019/0001193125-08-162768-index.htm
220,Microsoft Corp,0000789019,2007-08-03,Microsoft Corp_2007-08-03_report_0.html,https://www.sec.gov/Archives/edgar/data/0000789019/0001193125-07-170817-index.htm
221,Microsoft Corp,0000789019,2007-08-03,Microsoft Corp_2007-08-03_report_1.html,https://www.sec.gov/Archives/edgar/data/0000789019/0001193125-07-170817-index.htm
222,Mistras Group Inc,0001436126,2017-03-20,https://www.sec.gov/Archives/edgar/data/0001436126/000143612617000024/R14.htm,https://www.sec.gov/Archives/edgar/data/0001436126/0001436126-17-000024-index.htm
223,Mistras Group Inc,0001436126,2016-08-15,https://www.sec.gov/Archives/edgar/data/0001436126/000143612616000062/R14.htm,https://www.sec.gov/Archives/edgar/data/0001436126/0001436126-16-000062-index.htm
224,Mistras Group Inc,0001436126,2015-08-12,https://www.sec.gov/Archives/edgar/data/0001436126/000143612615000018/R14.htm,https://www.sec.gov/Archives/edgar/data/0001436126/0001436126-15-000018-index.htm
225,Mistras Group Inc,0001436126,2014-08-08,https://www.sec.gov/Archives/edgar/data/0001436126/000110465914058909/R14.htm,https://www.sec.gov/Archives/edgar/data/0001436126/0001104659-14-058909-index.htm
226,Mistras Group Inc,0001436126,2013-08-14,https://www.sec.gov/Archives/edgar/data/0001436126/000110465913064031/R15.htm,https://www.sec.gov/Archives/edgar/data/0001436126/0001104659-13-064031-index.htm
227,Mistras Group Inc,0001436126,2012-08-14,https://www.sec.gov/Archives/edgar/data/0001436126/000110465912057839/R14.htm,https://www.sec.gov/Archives/edgar/data/0001436126/0001104659-12-057839-index.htm
228,Mistras Group Inc,0001436126,2011-08-12,Mistras Group Inc_2011-08-12_report_0.html,https://www.sec.gov/Archives/edgar/data/0001436126/0001104659-11-046479-index.htm
229,Monotype Imaging Holdings Inc,0001385292,2017-02-28,https://www.sec.gov/Archives/edgar/data/0001385292/000119312517060429/R11.htm,https://www.sec.gov/Archives/edgar/data/0001385292/0001193125-17-060429-index.htm
230,Monotype Imaging Holdings Inc,0001385292,2016-02-26,https://www.sec.gov/Archives/edgar/data/0001385292/000119312516481975/R11.htm,https://www.sec.gov/Archives/edgar/data/0001385292/0001193125-16-481975-index.htm
231,Monotype Imaging Holdings Inc,0001385292,2015-02-27,https://www.sec.gov/Archives/edgar/data/0001385292/000119312515069684/R10.htm,https://www.sec.gov/Archives/edgar/data/0001385292/0001193125-15-069684-index.htm
232,Monotype Imaging Holdings Inc,0001385292,2014-03-11,https://www.sec.gov/Archives/edgar/data/0001385292/000119312514093952/R10.htm,https://www.sec.gov/Archives/edgar/data/0001385292/0001193125-14-093952-index.htm
233,Monotype Imaging Holdings Inc,0001385292,2013-03-01,https://www.sec.gov/Archives/edgar/data/0001385292/000119312513087668/R10.htm,https://www.sec.gov/Archives/edgar/data/0001385292/0001193125-13-087668-index.htm
234,Monotype Imaging Holdings Inc,0001385292,2012-03-01,https://www.sec.gov/Archives/edgar/data/0001385292/000119312512092133/R9.htm,https://www.sec.gov/Archives/edgar/data/0001385292/0001193125-12-092133-index.htm
235,Monotype Imaging Holdings Inc,0001385292,2011-03-03,Monotype Imaging Holdings Inc_2011-03-03_report_0.html,https://www.sec.gov/Archives/edgar/data/0001385292/0001193125-11-054983-index.htm
236,Monotype Imaging Holdings Inc,0001385292,2011-03-03,Monotype Imaging Holdings Inc_2011-03-03_report_1.html,https://www.sec.gov/Archives/edgar/data/0001385292/0001193125-11-054983-index.htm
237,Monotype Imaging Holdings Inc,0001385292,2010-03-05,Monotype Imaging Holdings Inc_2010-03-05_report_0.html,https://www.sec.gov/Archives/edgar/data/0001385292/0001193125-10-048971-index.htm
238,Monotype Imaging Holdings Inc,0001385292,2009-03-13,Monotype Imaging Holdings Inc_2009-03-13_report_0.html,https://www.sec.gov/Archives/edgar/data/0001385292/0001193125-09-052407-index.htm
239,Monotype Imaging Holdings Inc,0001385292,2009-03-13,Monotype Imaging Holdings Inc_2009-03-13_report_1.html,https://www.sec.gov/Archives/edgar/data/0001385292/0001193125-09-052407-index.htm
240,Monotype Imaging Holdings Inc,0001385292,2008-03-27,Monotype Imaging Holdings Inc_2008-03-27_report_0.html,https://www.sec.gov/Archives/edgar/data/0001385292/0001193125-08-066507-index.htm
241,Monotype Imaging Holdings Inc,0001385292,2008-03-27,Monotype Imaging Holdings Inc_2008-03-27_report_1.html,https://www.sec.gov/Archives/edgar/data/0001385292/0001193125-08-066507-index.htm
242,NCI Inc,0001334478,2017-03-31,https://www.sec.gov/Archives/edgar/data/0001334478/000119312517106881/R20.htm,https://www.sec.gov/Archives/edgar/data/0001334478/0001193125-17-106881-index.htm
243,NCI Inc,0001334478,2016-02-26,https://www.sec.gov/Archives/edgar/data/0001334478/000119312516482459/R20.htm,https://www.sec.gov/Archives/edgar/data/0001334478/0001193125-16-482459-index.htm
244,NCI Inc,0001334478,2013-02-28,https://www.sec.gov/Archives/edgar/data/0001334478/000119312513084812/R19.htm,https://www.sec.gov/Archives/edgar/data/0001334478/0001193125-13-084812-index.htm
245,NCI Inc,0001334478,2012-03-12,https://www.sec.gov/Archives/edgar/data/0001334478/000095012312004723/R19.htm,https://www.sec.gov/Archives/edgar/data/0001334478/0000950123-12-004723-index.htm
246,NCI Inc,0001334478,2011-02-28,NCI Inc_2011-02-28_report_0.html,https://www.sec.gov/Archives/edgar/data/0001334478/0000950123-11-019836-index.htm
247,NCI Inc,0001334478,2011-02-28,NCI Inc_2011-02-28_report_1.html,https://www.sec.gov/Archives/edgar/data/0001334478/0000950123-11-019836-index.htm
248,NCI Inc,0001334478,2010-03-05,NCI Inc_2010-03-05_report_0.html,https://www.sec.gov/Archives/edgar/data/0001334478/0001193125-10-048404-index.htm
249,NCI Inc,0001334478,2010-03-05,NCI Inc_2010-03-05_report_1.html,https://www.sec.gov/Archives/edgar/data/0001334478/0001193125-10-048404-index.htm
250,NCI Inc,0001334478,2009-02-27,NCI Inc_2009-02-27_report_0.html,https://www.sec.gov/Archives/edgar/data/0001334478/0001193125-09-039939-index.htm
251,NCI Inc,0001334478,2009-02-27,NCI Inc_2009-02-27_report_1.html,https://www.sec.gov/Archives/edgar/data/0001334478/0001193125-09-039939-index.htm
252,NCI Inc,0001334478,2008-03-07,NCI Inc_2008-03-07_report_0.html,https://www.sec.gov/Archives/edgar/data/0001334478/0001193125-08-049421-index.htm
253,NCI Inc,0001334478,2008-03-07,NCI Inc_2008-03-07_report_1.html,https://www.sec.gov/Archives/edgar/data/0001334478/0001193125-08-049421-index.htm
254,NCI Inc,0001334478,2007-03-09,NCI Inc_2007-03-09_report_0.html,https://www.sec.gov/Archives/edgar/data/0001334478/0001193125-07-050182-index.htm
255,Nelnet Inc,0001258602,2009-03-03,Nelnet Inc_2009-03-03_report_0.html,https://www.sec.gov/Archives/edgar/data/0001258602/0001362310-09-003070-index.htm
256,Nelnet Inc,0001258602,2009-03-03,Nelnet Inc_2009-03-03_report_1.html,https://www.sec.gov/Archives/edgar/data/0001258602/0001362310-09-003070-index.htm
257,Nelnet Inc,0001258602,2008-02-29,Nelnet Inc_2008-02-29_report_0.html,https://www.sec.gov/Archives/edgar/data/0001258602/0001362310-08-001178-index.htm
258,Nelnet Inc,0001258602,2008-02-29,Nelnet Inc_2008-02-29_report_1.html,https://www.sec.gov/Archives/edgar/data/0001258602/0001362310-08-001178-index.htm
259,Nelnet Inc,0001258602,2008-02-29,Nelnet Inc_2008-02-29_report_2.html,https://www.sec.gov/Archives/edgar/data/0001258602/0001362310-08-001178-index.htm
260,Nelnet Inc,0001258602,2008-02-29,Nelnet Inc_2008-02-29_report_3.html,https://www.sec.gov/Archives/edgar/data/0001258602/0001362310-08-001178-index.htm
261,Nelnet Inc,0001258602,2008-02-29,Nelnet Inc_2008-02-29_report_4.html,https://www.sec.gov/Archives/edgar/data/0001258602/0001362310-08-001178-index.htm
262,Nelnet Inc,0001258602,2008-02-29,Nelnet Inc_2008-02-29_report_5.html,https://www.sec.gov/Archives/edgar/data/0001258602/0001362310-08-001178-index.htm
263,Nelnet Inc,0001258602,2008-02-29,Nelnet Inc_2008-02-29_report_6.html,https://www.sec.gov/Archives/edgar/data/0001258602/0001362310-08-001178-index.htm
264,Nelnet Inc,0001258602,2007-03-01,Nelnet Inc_2007-03-01_report_0.html,https://www.sec.gov/Archives/edgar/data/0001258602/0000950137-07-003140-index.htm
265,Nelnet Inc,0001258602,2007-03-01,Nelnet Inc_2007-03-01_report_1.html,https://www.sec.gov/Archives/edgar/data/0001258602/0000950137-07-003140-index.htm
266,Nelnet Inc,0001258602,2007-03-01,Nelnet Inc_2007-03-01_report_2.html,https://www.sec.gov/Archives/edgar/data/0001258602/0000950137-07-003140-index.htm
267,Nelnet Inc,0001258602,2007-03-01,Nelnet Inc_2007-03-01_report_3.html,https://www.sec.gov/Archives/edgar/data/0001258602/0000950137-07-003140-index.htm
268,NuStar Energy LP,0001110805,2017-02-23,https://www.sec.gov/Archives/edgar/data/0001110805/000111080517000006/R11.htm,https://www.sec.gov/Archives/edgar/data/0001110805/0001110805-17-000006-index.htm
269,NuStar Energy LP,0001110805,2016-02-25,https://www.sec.gov/Archives/edgar/data/0001110805/000111080516000046/R11.htm,https://www.sec.gov/Archives/edgar/data/0001110805/0001110805-16-000046-index.htm
270,NuStar Energy LP,0001110805,2015-02-26,https://www.sec.gov/Archives/edgar/data/0001110805/000111080515000010/R12.htm,https://www.sec.gov/Archives/edgar/data/0001110805/0001110805-15-000010-index.htm
271,NuStar Energy LP,0001110805,2014-03-03,https://www.sec.gov/Archives/edgar/data/0001110805/000111080514000010/R12.htm,https://www.sec.gov/Archives/edgar/data/0001110805/0001110805-14-000010-index.htm
272,NuStar Energy LP,0001110805,2013-03-01,https://www.sec.gov/Archives/edgar/data/0001110805/000111080513000002/R12.htm,https://www.sec.gov/Archives/edgar/data/0001110805/0001110805-13-000002-index.htm
273,NuStar Energy LP,0001110805,2012-02-28,https://www.sec.gov/Archives/edgar/data/0001110805/000111080512000002/R12.htm,https://www.sec.gov/Archives/edgar/data/0001110805/0001110805-12-000002-index.htm
274,NuStar Energy LP,0001110805,2011-02-25,NuStar Energy LP_2011-02-25_report_0.html,https://www.sec.gov/Archives/edgar/data/0001110805/0001193125-11-047582-index.htm
275,NuStar Energy LP,0001110805,2011-02-25,NuStar Energy LP_2011-02-25_report_1.html,https://www.sec.gov/Archives/edgar/data/0001110805/0001193125-11-047582-index.htm
276,NuStar Energy LP,0001110805,2010-02-26,NuStar Energy LP_2010-02-26_report_0.html,https://www.sec.gov/Archives/edgar/data/0001110805/0001193125-10-043080-index.htm
277,NuStar Energy LP,0001110805,2009-02-27,NuStar Energy LP_2009-02-27_report_0.html,https://www.sec.gov/Archives/edgar/data/0001110805/0001193125-09-040717-index.htm
278,NuStar Energy LP,0001110805,2008-02-29,NuStar Energy LP_2008-02-29_report_0.html,https://www.sec.gov/Archives/edgar/data/0001110805/0001193125-08-042138-index.htm
279,NuStar Energy LP,0001110805,2008-02-29,NuStar Energy LP_2008-02-29_report_1.html,https://www.sec.gov/Archives/edgar/data/0001110805/0001193125-08-042138-index.htm
280,NuStar Energy LP,0001110805,2008-02-29,NuStar Energy LP_2008-02-29_report_2.html,https://www.sec.gov/Archives/edgar/data/0001110805/0001193125-08-042138-index.htm
281,NuStar Energy LP,0001110805,2008-02-29,NuStar Energy LP_2008-02-29_report_3.html,https://www.sec.gov/Archives/edgar/data/0001110805/0001193125-08-042138-index.htm
282,NuStar Energy LP,0001110805,2007-02-28,NuStar Energy LP_2007-02-28_report_0.html,https://www.sec.gov/Archives/edgar/data/0001110805/0001193125-07-042873-index.htm
283,Omnicare Inc,0000353230,2015-02-25,https://www.sec.gov/Archives/edgar/data/0000353230/000035323015000010/R10.htm,https://www.sec.gov/Archives/edgar/data/0000353230/0000353230-15-000010-index.htm
284,Omnicare Inc,0000353230,2014-02-19,https://www.sec.gov/Archives/edgar/data/0000353230/000035323014000012/R10.htm,https://www.sec.gov/Archives/edgar/data/0000353230/0000353230-14-000012-index.htm
285,Omnicare Inc,0000353230,2013-02-19,https://www.sec.gov/Archives/edgar/data/0000353230/000035323013000009/R12.htm,https://www.sec.gov/Archives/edgar/data/0000353230/0000353230-13-000009-index.htm
286,Omnicare Inc,0000353230,2012-02-23,https://www.sec.gov/Archives/edgar/data/0000353230/000144264312000021/R12.htm,https://www.sec.gov/Archives/edgar/data/0000353230/0001442643-12-000021-index.htm
287,Omnicare Inc,0000353230,2009-02-26,Omnicare Inc_2009-02-26_report_0.html,https://www.sec.gov/Archives/edgar/data/0000353230/0000930413-09-001035-index.htm
288,Omnicare Inc,0000353230,2009-02-26,Omnicare Inc_2009-02-26_report_1.html,https://www.sec.gov/Archives/edgar/data/0000353230/0000930413-09-001035-index.htm
289,Omnicare Inc,0000353230,2008-02-28,Omnicare Inc_2008-02-28_report_0.html,https://www.sec.gov/Archives/edgar/data/0000353230/0000930413-08-001273-index.htm
290,Omnicare Inc,0000353230,2008-02-28,Omnicare Inc_2008-02-28_report_1.html,https://www.sec.gov/Archives/edgar/data/0000353230/0000930413-08-001273-index.htm
291,Omnicare Inc,0000353230,2007-03-01,Omnicare Inc_2007-03-01_report_0.html,https://www.sec.gov/Archives/edgar/data/0000353230/0000930413-07-001883-index.htm
292,Omnicare Inc,0000353230,2007-03-01,Omnicare Inc_2007-03-01_report_1.html,https://www.sec.gov/Archives/edgar/data/0000353230/0000930413-07-001883-index.htm
293,Regency Energy Partners LP,0001338613,2015-02-27,https://www.sec.gov/Archives/edgar/data/0001338613/000133861315000008/R13.htm,https://www.sec.gov/Archives/edgar/data/0001338613/0001338613-15-000008-index.htm
294,Regency Energy Partners LP,0001338613,2014-02-27,https://www.sec.gov/Archives/edgar/data/0001338613/000133861314000012/R13.htm,https://www.sec.gov/Archives/edgar/data/0001338613/0001338613-14-000012-index.htm
295,Regency Energy Partners LP,0001338613,2013-03-01,https://www.sec.gov/Archives/edgar/data/0001338613/000133861313000011/R15.htm,https://www.sec.gov/Archives/edgar/data/0001338613/0001338613-13-000011-index.htm
296,Regency Energy Partners LP,0001338613,2012-02-22,https://www.sec.gov/Archives/edgar/data/0001338613/000133861312000013/R15.htm,https://www.sec.gov/Archives/edgar/data/0001338613/0001338613-12-000013-index.htm
297,Regency Energy Partners LP,0001338613,2011-02-18,Regency Energy Partners LP_2011-02-18_report_0.html,https://www.sec.gov/Archives/edgar/data/0001338613/0001193125-11-039809-index.htm
298,Regency Energy Partners LP,0001338613,2010-03-01,Regency Energy Partners LP_2010-03-01_report_0.html,https://www.sec.gov/Archives/edgar/data/0001338613/0001193125-10-043736-index.htm
299,Regency Energy Partners LP,0001338613,2010-03-01,Regency Energy Partners LP_2010-03-01_report_1.html,https://www.sec.gov/Archives/edgar/data/0001338613/0001193125-10-043736-index.htm
300,Regency Energy Partners LP,0001338613,2009-03-02,Regency Energy Partners LP_2009-03-02_report_0.html,https://www.sec.gov/Archives/edgar/data/0001338613/0001193125-09-041738-index.htm
301,Regency Energy Partners LP,0001338613,2009-03-02,Regency Energy Partners LP_2009-03-02_report_1.html,https://www.sec.gov/Archives/edgar/data/0001338613/0001193125-09-041738-index.htm
302,Regency Energy Partners LP,0001338613,2007-03-30,Regency Energy Partners LP_2007-03-30_report_0.html,https://www.sec.gov/Archives/edgar/data/0001338613/0000950134-07-007003-index.htm
303,Regency Energy Partners LP,0001338613,2007-03-30,Regency Energy Partners LP_2007-03-30_report_1.html,https://www.sec.gov/Archives/edgar/data/0001338613/0000950134-07-007003-index.htm
304,ResMed Inc,0000943819,2012-08-14,https://www.sec.gov/Archives/edgar/data/0000943819/000119312512353206/R26.htm,https://www.sec.gov/Archives/edgar/data/0000943819/0001193125-12-353206-index.htm
305,ResMed Inc,0000943819,2007-08-28,ResMed Inc_2007-08-28_report_0.html,https://www.sec.gov/Archives/edgar/data/0000943819/0001193125-07-190078-index.htm
306,State Bank Financial Corp,0001497275,2017-02-24,https://www.sec.gov/Archives/edgar/data/0001497275/000149727517000018/R10.htm,https://www.sec.gov/Archives/edgar/data/0001497275/0001497275-17-000018-index.htm
307,State Bank Financial Corp,0001497275,2016-02-26,https://www.sec.gov/Archives/edgar/data/0001497275/000149727516000165/R10.htm,https://www.sec.gov/Archives/edgar/data/0001497275/0001497275-16-000165-index.htm
308,State Bank Financial Corp,0001497275,2015-03-13,https://www.sec.gov/Archives/edgar/data/0001497275/000149727515000057/R10.htm,https://www.sec.gov/Archives/edgar/data/0001497275/0001497275-15-000057-index.htm
309,State Bank Financial Corp,0001497275,2014-03-14,https://www.sec.gov/Archives/edgar/data/0001497275/000149727514000022/R10.htm,https://www.sec.gov/Archives/edgar/data/0001497275/0001497275-14-000022-index.htm
310,State Bank Financial Corp,0001497275,2013-03-15,https://www.sec.gov/Archives/edgar/data/0001497275/000149727513000018/R10.htm,https://www.sec.gov/Archives/edgar/data/0001497275/0001497275-13-000018-index.htm
311,State Bank Financial Corp,0001497275,2012-03-15,https://www.sec.gov/Archives/edgar/data/0001497275/000104746912002746/R9.htm,https://www.sec.gov/Archives/edgar/data/0001497275/0001047469-12-002746-index.htm
312,State Bank Financial Corp,0001497275,2011-03-31,State Bank Financial Corp_2011-03-31_report_0.html,https://www.sec.gov/Archives/edgar/data/0001497275/0001047469-11-002978-index.htm
313,State Bank Financial Corp,0001497275,2011-03-31,State Bank Financial Corp_2011-03-31_report_1.html,https://www.sec.gov/Archives/edgar/data/0001497275/0001047469-11-002978-index.htm
314,State Bank Financial Corp,0001497275,2011-03-31,State Bank Financial Corp_2011-03-31_report_2.html,https://www.sec.gov/Archives/edgar/data/0001497275/0001047469-11-002978-index.htm
315,State Bank Financial Corp,0001497275,2011-03-31,State Bank Financial Corp_2011-03-31_report_3.html,https://www.sec.gov/Archives/edgar/data/0001497275/0001047469-11-002978-index.htm
316,State Bank Financial Corp,0001497275,2011-03-31,State Bank Financial Corp_2011-03-31_report_4.html,https://www.sec.gov/Archives/edgar/data/0001497275/0001047469-11-002978-index.htm
317,State Bank Financial Corp,0001497275,2011-03-31,State Bank Financial Corp_2011-03-31_report_5.html,https://www.sec.gov/Archives/edgar/data/0001497275/0001047469-11-002978-index.htm
318,Superior Well Services Inc,0001323715,2010-03-09,Superior Well Services Inc_2010-03-09_report_0.html,https://www.sec.gov/Archives/edgar/data/0001323715/0000950123-10-022634-index.htm
319,Superior Well Services Inc,0001323715,2009-03-13,Superior Well Services Inc_2009-03-13_report_0.html,https://www.sec.gov/Archives/edgar/data/0001323715/0000950152-09-002610-index.htm
320,Superior Well Services Inc,0001323715,2009-03-13,Superior Well Services Inc_2009-03-13_report_1.html,https://www.sec.gov/Archives/edgar/data/0001323715/0000950152-09-002610-index.htm
321,Superior Well Services Inc,0001323715,2009-03-13,Superior Well Services Inc_2009-03-13_report_2.html,https://www.sec.gov/Archives/edgar/data/0001323715/0000950152-09-002610-index.htm
322,Superior Well Services Inc,0001323715,2008-03-11,Superior Well Services Inc_2008-03-11_report_0.html,https://www.sec.gov/Archives/edgar/data/0001323715/0000950152-08-001841-index.htm
323,Time Warner Cable Inc,0001377013,2016-02-12,https://www.sec.gov/Archives/edgar/data/0001377013/000119312516461316/R14.htm,https://www.sec.gov/Archives/edgar/data/0001377013/0001193125-16-461316-index.htm
324,Time Warner Cable Inc,0001377013,2015-02-13,https://www.sec.gov/Archives/edgar/data/0001377013/000119312515048927/R15.htm,https://www.sec.gov/Archives/edgar/data/0001377013/0001193125-15-048927-index.htm
325,Time Warner Cable Inc,0001377013,2014-02-18,https://www.sec.gov/Archives/edgar/data/0001377013/000119312514056642/R13.htm,https://www.sec.gov/Archives/edgar/data/0001377013/0001193125-14-056642-index.htm
326,Time Warner Cable Inc,0001377013,2013-02-15,https://www.sec.gov/Archives/edgar/data/0001377013/000119312513062081/R14.htm,https://www.sec.gov/Archives/edgar/data/0001377013/0001193125-13-062081-index.htm
327,Time Warner Cable Inc,0001377013,2012-02-17,https://www.sec.gov/Archives/edgar/data/0001377013/000119312512066776/R15.htm,https://www.sec.gov/Archives/edgar/data/0001377013/0001193125-12-066776-index.htm
328,VCA Antech Inc,0000817366,2017-02-28,https://www.sec.gov/Archives/edgar/data/0000817366/000162828017001885/R13.htm,https://www.sec.gov/Archives/edgar/data/0000817366/0001628280-17-001885-index.htm
329,VCA Antech Inc,0000817366,2016-02-26,https://www.sec.gov/Archives/edgar/data/0000817366/000162828016011807/R13.htm,https://www.sec.gov/Archives/edgar/data/0000817366/0001628280-16-011807-index.htm
330,VCA Antech Inc,0000817366,2015-02-27,https://www.sec.gov/Archives/edgar/data/0000817366/000162828015001124/R12.htm,https://www.sec.gov/Archives/edgar/data/0000817366/0001628280-15-001124-index.htm
331,VCA Antech Inc,0000817366,2014-02-28,https://www.sec.gov/Archives/edgar/data/0000817366/000081736614000002/R15.htm,https://www.sec.gov/Archives/edgar/data/0000817366/0000817366-14-000002-index.htm
332,VCA Antech Inc,0000817366,2013-03-01,https://www.sec.gov/Archives/edgar/data/0000817366/000081736613000003/R15.htm,https://www.sec.gov/Archives/edgar/data/0000817366/0000817366-13-000003-index.htm
333,VCA Antech Inc,0000817366,2012-02-29,https://www.sec.gov/Archives/edgar/data/0000817366/000119312512088954/R13.htm,https://www.sec.gov/Archives/edgar/data/0000817366/0001193125-12-088954-index.htm
334,VCA Antech Inc,0000817366,2010-02-26,VCA Antech Inc_2010-02-26_report_0.html,https://www.sec.gov/Archives/edgar/data/0000817366/0000950123-10-018314-index.htm
335,VCA Antech Inc,0000817366,2010-02-26,VCA Antech Inc_2010-02-26_report_1.html,https://www.sec.gov/Archives/edgar/data/0000817366/0000950123-10-018314-index.htm
336,VCA Antech Inc,0000817366,2009-02-27,VCA Antech Inc_2009-02-27_report_0.html,https://www.sec.gov/Archives/edgar/data/0000817366/0000950134-09-004012-index.htm
337,VCA Antech Inc,0000817366,2009-02-27,VCA Antech Inc_2009-02-27_report_1.html,https://www.sec.gov/Archives/edgar/data/0000817366/0000950134-09-004012-index.htm
338,VCA Antech Inc,0000817366,2009-02-27,VCA Antech Inc_2009-02-27_report_2.html,https://www.sec.gov/Archives/edgar/data/0000817366/0000950134-09-004012-index.htm
339,VCA Antech Inc,0000817366,2009-02-27,VCA Antech Inc_2009-02-27_report_3.html,https://www.sec.gov/Archives/edgar/data/0000817366/0000950134-09-004012-index.htm
340,VCA Antech Inc,0000817366,2008-02-29,VCA Antech Inc_2008-02-29_report_0.html,https://www.sec.gov/Archives/edgar/data/0000817366/0000950148-08-000048-index.htm
341,VCA Antech Inc,0000817366,2008-02-29,VCA Antech Inc_2008-02-29_report_1.html,https://www.sec.gov/Archives/edgar/data/0000817366/0000950148-08-000048-index.htm
342,VCA Antech Inc,0000817366,2008-02-29,VCA Antech Inc_2008-02-29_report_2.html,https://www.sec.gov/Archives/edgar/data/0000817366/0000950148-08-000048-index.htm
343,VCA Antech Inc,0000817366,2007-03-01,VCA Antech Inc_2007-03-01_report_0.html,https://www.sec.gov/Archives/edgar/data/0000817366/0000950124-07-001227-index.htm
344,VCA Antech Inc,0000817366,2007-03-01,VCA Antech Inc_2007-03-01_report_1.html,https://www.sec.gov/Archives/edgar/data/0000817366/0000950124-07-001227-index.htm
345,VCA Antech Inc,0000817366,2007-03-01,VCA Antech Inc_2007-03-01_report_2.html,https://www.sec.gov/Archives/edgar/data/0000817366/0000950124-07-001227-index.htm
346,VCA Inc,0000817366,2017-02-28,https://www.sec.gov/Archives/edgar/data/0000817366/000162828017001885/R13.htm,https://www.sec.gov/Archives/edgar/data/0000817366/0001628280-17-001885-index.htm
347,VCA Inc,0000817366,2016-02-26,https://www.sec.gov/Archives/edgar/data/0000817366/000162828016011807/R13.htm,https://www.sec.gov/Archives/edgar/data/0000817366/0001628280-16-011807-index.htm
348,VCA Inc,0000817366,2015-02-27,https://www.sec.gov/Archives/edgar/data/0000817366/000162828015001124/R12.htm,https://www.sec.gov/Archives/edgar/data/0000817366/0001628280-15-001124-index.htm
349,VCA Inc,0000817366,2014-02-28,https://www.sec.gov/Archives/edgar/data/0000817366/000081736614000002/R15.htm,https://www.sec.gov/Archives/edgar/data/0000817366/0000817366-14-000002-index.htm
350,VCA Inc,0000817366,2013-03-01,https://www.sec.gov/Archives/edgar/data/0000817366/000081736613000003/R15.htm,https://www.sec.gov/Archives/edgar/data/0000817366/0000817366-13-000003-index.htm
351,VCA Inc,0000817366,2012-02-29,https://www.sec.gov/Archives/edgar/data/0000817366/000119312512088954/R13.htm,https://www.sec.gov/Archives/edgar/data/0000817366/0001193125-12-088954-index.htm
352,VCA Inc,0000817366,2010-02-26,VCA Inc_2010-02-26_report_0.html,https://www.sec.gov/Archives/edgar/data/0000817366/0000950123-10-018314-index.htm
353,VCA Inc,0000817366,2010-02-26,VCA Inc_2010-02-26_report_1.html,https://www.sec.gov/Archives/edgar/data/0000817366/0000950123-10-018314-index.htm
354,VCA Inc,0000817366,2009-02-27,VCA Inc_2009-02-27_report_0.html,https://www.sec.gov/Archives/edgar/data/0000817366/0000950134-09-004012-index.htm
355,VCA Inc,0000817366,2009-02-27,VCA Inc_2009-02-27_report_1.html,https://www.sec.gov/Archives/edgar/data/0000817366/0000950134-09-004012-index.htm
356,VCA Inc,0000817366,2009-02-27,VCA Inc_2009-02-27_report_2.html,https://www.sec.gov/Archives/edgar/data/0000817366/0000950134-09-004012-index.htm
357,VCA Inc,0000817366,2009-02-27,VCA Inc_2009-02-27_report_3.html,https://www.sec.gov/Archives/edgar/data/0000817366/0000950134-09-004012-index.htm
358,VCA Inc,0000817366,2008-02-29,VCA Inc_2008-02-29_report_0.html,https://www.sec.gov/Archives/edgar/data/0000817366/0000950148-08-000048-index.htm
359,VCA Inc,0000817366,2008-02-29,VCA Inc_2008-02-29_report_1.html,https://www.sec.gov/Archives/edgar/data/0000817366/0000950148-08-000048-index.htm
360,VCA Inc,0000817366,2008-02-29,VCA Inc_2008-02-29_report_2.html,https://www.sec.gov/Archives/edgar/data/0000817366/0000950148-08-000048-index.htm
361,VCA Inc,0000817366,2007-03-01,VCA Inc_2007-03-01_report_0.html,https://www.sec.gov/Archives/edgar/data/0000817366/0000950124-07-001227-index.htm
362,VCA Inc,0000817366,2007-03-01,VCA Inc_2007-03-01_report_1.html,https://www.sec.gov/Archives/edgar/data/0000817366/0000950124-07-001227-index.htm
363,VCA Inc,0000817366,2007-03-01,VCA Inc_2007-03-01_report_2.html,https://www.sec.gov/Archives/edgar/data/0000817366/0000950124-07-001227-index.htm
364,Vonage Holdings Corp,0001272830,2017-02-28,https://www.sec.gov/Archives/edgar/data/0001272830/000127283017000018/R19.htm,https://www.sec.gov/Archives/edgar/data/0001272830/0001272830-17-000018-index.htm
365,Vonage Holdings Corp,0001272830,2016-02-12,https://www.sec.gov/Archives/edgar/data/0001272830/000127283016000113/R19.htm,https://www.sec.gov/Archives/edgar/data/0001272830/0001272830-16-000113-index.htm
366,Vonage Holdings Corp,0001272830,2015-02-13,https://www.sec.gov/Archives/edgar/data/0001272830/000127283015000025/R19.htm,https://www.sec.gov/Archives/edgar/data/0001272830/0001272830-15-000025-index.htm
367,Vonage Holdings Corp,0001272830,2014-02-13,https://www.sec.gov/Archives/edgar/data/0001272830/000127283014000020/R19.htm,https://www.sec.gov/Archives/edgar/data/0001272830/0001272830-14-000020-index.htm
368,Vonage Holdings Corp,0001272830,2010-02-26,Vonage Holdings Corp_2010-02-26_report_0.html,https://www.sec.gov/Archives/edgar/data/0001272830/0001193125-10-043170-index.htm
369,WESCO International Inc,0000929008,2017-02-22,https://www.sec.gov/Archives/edgar/data/0000929008/000092900817000005/R11.htm,https://www.sec.gov/Archives/edgar/data/0000929008/0000929008-17-000005-index.htm
370,WESCO International Inc,0000929008,2016-02-22,https://www.sec.gov/Archives/edgar/data/0000929008/000092900816000049/R11.htm,https://www.sec.gov/Archives/edgar/data/0000929008/0000929008-16-000049-index.htm
371,WESCO International Inc,0000929008,2015-02-24,https://www.sec.gov/Archives/edgar/data/0000929008/000092900815000006/R11.htm,https://www.sec.gov/Archives/edgar/data/0000929008/0000929008-15-000006-index.htm
372,WESCO International Inc,0000929008,2014-02-21,https://www.sec.gov/Archives/edgar/data/0000929008/000092900814000006/R12.htm,https://www.sec.gov/Archives/edgar/data/0000929008/0000929008-14-000006-index.htm
373,WESCO International Inc,0000929008,2013-03-01,https://www.sec.gov/Archives/edgar/data/0000929008/000092900813000009/R13.htm,https://www.sec.gov/Archives/edgar/data/0000929008/0000929008-13-000009-index.htm
374,WESCO International Inc,0000929008,2012-02-22,https://www.sec.gov/Archives/edgar/data/0000929008/000092900812000010/R13.htm,https://www.sec.gov/Archives/edgar/data/0000929008/0000929008-12-000010-index.htm
375,WESCO International Inc,0000929008,2011-02-25,WESCO International Inc_2011-02-25_report_0.html,https://www.sec.gov/Archives/edgar/data/0000929008/0000950123-11-018103-index.htm
376,WESCO International Inc,0000929008,2011-02-25,WESCO International Inc_2011-02-25_report_1.html,https://www.sec.gov/Archives/edgar/data/0000929008/0000950123-11-018103-index.htm
377,WESCO International Inc,0000929008,2010-02-26,WESCO International Inc_2010-02-26_report_0.html,https://www.sec.gov/Archives/edgar/data/0000929008/0000950123-10-018312-index.htm
378,WESCO International Inc,0000929008,2009-02-27,WESCO International Inc_2009-02-27_report_0.html,https://www.sec.gov/Archives/edgar/data/0000929008/0000950152-09-001958-index.htm
379,WESCO International Inc,0000929008,2008-02-29,WESCO International Inc_2008-02-29_report_0.html,https://www.sec.gov/Archives/edgar/data/0000929008/0000950152-08-001567-index.htm
380,WESCO International Inc,0000929008,2008-02-29,WESCO International Inc_2008-02-29_report_1.html,https://www.sec.gov/Archives/edgar/data/0000929008/0000950152-08-001567-index.htm
381,WESCO International Inc,0000929008,2007-03-01,WESCO International Inc_2007-03-01_report_0.html,https://www.sec.gov/Archives/edgar/data/0000929008/0000950152-07-001674-index.htm
382,WESCO International Inc,0000929008,2007-03-01,WESCO International Inc_2007-03-01_report_1.html,https://www.sec.gov/Archives/edgar/data/0000929008/0000950152-07-001674-index.htm
383,Zayo Group Holdings Inc,0001608249,2017-08-22,https://www.sec.gov/Archives/edgar/data/0001608249/000155837017006767/R10.htm,https://www.sec.gov/Archives/edgar/data/0001608249/0001558370-17-006767-index.htm
384,Zayo Group Holdings Inc,0001608249,2016-08-26,https://www.sec.gov/Archives/edgar/data/0001608249/000155837016008117/R10.htm,https://www.sec.gov/Archives/edgar/data/0001608249/0001558370-16-008117-index.htm
385,Zayo Group Holdings Inc,0001608249,2015-09-18,https://www.sec.gov/Archives/edgar/data/0001608249/000156459015008052/R10.htm,https://www.sec.gov/Archives/edgar/data/0001608249/0001564590-15-008052-index.htm
