,Compnay Name,CIK,Notes Link,10-K Report Page URL,End Date of Fiscal Year
0,AECOM Technology Corp,0000868857,https://www.sec.gov/Archives/edgar/data/0000868857/000104746917007051/R10.htm,https://www.sec.gov/Archives/edgar/data/0000868857/0001047469-17-007051-index.htm,2017-09-29
1,AECOM Technology Corp,0000868857,https://www.sec.gov/Archives/edgar/data/0000868857/000104746916016739/R10.htm,https://www.sec.gov/Archives/edgar/data/0000868857/0001047469-16-016739-index.htm,2016-09-30
2,AECOM Technology Corp,0000868857,https://www.sec.gov/Archives/edgar/data/0000868857/000104746915008965/R11.htm,https://www.sec.gov/Archives/edgar/data/0000868857/0001047469-15-008965-index.htm,2015-10-02
3,AECOM Technology Corp,0000868857,https://www.sec.gov/Archives/edgar/data/0000868857/000104746914009283/R11.htm,https://www.sec.gov/Archives/edgar/data/0000868857/0001047469-14-009283-index.htm,2014-09-30
4,AECOM Technology Corp,0000868857,https://www.sec.gov/Archives/edgar/data/0000868857/000104746913010484/R11.htm,https://www.sec.gov/Archives/edgar/data/0000868857/0001047469-13-010484-index.htm,2013-09-30
5,AECOM Technology Corp,0000868857,https://www.sec.gov/Archives/edgar/data/0000868857/000104746912010679/R10.htm,https://www.sec.gov/Archives/edgar/data/0000868857/0001047469-12-010679-index.htm,2012-09-30
6,AECOM Technology Corp,0000868857,https://www.sec.gov/Archives/edgar/data/0000868857/000104746911009697/R10.htm,https://www.sec.gov/Archives/edgar/data/0000868857/0001047469-11-009697-index.htm,2011-09-30
7,AECOM Technology Corp,0000868857,http://makeresearchgreatagain.com/sec_files/AECOM_Technology_Corp_2010-11-22_report.html,https://www.sec.gov/Archives/edgar/data/0000868857/0001047469-10-009946-index.htm,2010-09-30
8,AECOM Technology Corp,0000868857,http://makeresearchgreatagain.com/sec_files/AECOM_Technology_Corp_2009-11-27_report.html,https://www.sec.gov/Archives/edgar/data/0000868857/0001047469-09-010452-index.htm,2009-09-30
9,AECOM Technology Corp,0000868857,http://makeresearchgreatagain.com/sec_files/AECOM_Technology_Corp_2008-12-01_report.html,https://www.sec.gov/Archives/edgar/data/0000868857/0001047469-08-012648-index.htm,2008-09-30
10,AECOM Technology Corp,0000868857,http://makeresearchgreatagain.com/sec_files/AECOM_Technology_Corp_2007-12-13_report.html,https://www.sec.gov/Archives/edgar/data/0000868857/0001047469-07-010009-index.htm,2007-09-30
11,Airgas Inc,0000804212,https://www.sec.gov/Archives/edgar/data/0000804212/000080421216000048/R12.htm,https://www.sec.gov/Archives/edgar/data/0000804212/0000804212-16-000048-index.htm,2016-03-31
12,Airgas Inc,0000804212,https://www.sec.gov/Archives/edgar/data/0000804212/000080421215000014/R11.htm,https://www.sec.gov/Archives/edgar/data/0000804212/0000804212-15-000014-index.htm,2015-03-31
13,Airgas Inc,0000804212,https://www.sec.gov/Archives/edgar/data/0000804212/000080421214000014/R9.htm,https://www.sec.gov/Archives/edgar/data/0000804212/0000804212-14-000014-index.htm,2014-03-31
14,Airgas Inc,0000804212,https://www.sec.gov/Archives/edgar/data/0000804212/000080421213000015/R9.htm,https://www.sec.gov/Archives/edgar/data/0000804212/0000804212-13-000015-index.htm,2013-03-31
15,Airgas Inc,0000804212,https://www.sec.gov/Archives/edgar/data/0000804212/000080421212000016/R11.htm,https://www.sec.gov/Archives/edgar/data/0000804212/0000804212-12-000016-index.htm,2012-03-31
16,Airgas Inc,0000804212,https://www.sec.gov/Archives/edgar/data/0000804212/000119312511151211/R10.htm,https://www.sec.gov/Archives/edgar/data/0000804212/0001193125-11-151211-index.htm,2011-03-31
17,Airgas Inc,0000804212,http://makeresearchgreatagain.com/sec_files/Airgas_Inc_2010-05-27_report.html,https://www.sec.gov/Archives/edgar/data/0000804212/0001193125-10-130586-index.htm,2010-03-31
18,Airgas Inc,0000804212,http://makeresearchgreatagain.com/sec_files/Airgas_Inc_2009-06-01_report.html,https://www.sec.gov/Archives/edgar/data/0000804212/0000950123-09-010143-index.htm,2009-03-31
19,Airgas Inc,0000804212,http://makeresearchgreatagain.com/sec_files/Airgas_Inc_2008-05-30_report.html,https://www.sec.gov/Archives/edgar/data/0000804212/0000893220-08-001693-index.htm,2008-03-31
20,Airgas Inc,0000804212,http://makeresearchgreatagain.com/sec_files/Airgas_Inc_2007-05-30_report.html,https://www.sec.gov/Archives/edgar/data/0000804212/0000893220-07-002057-index.htm,2007-03-31
21,Allergan Inc,0000850693,https://www.sec.gov/Archives/edgar/data/0000850693/000085069315000002/R13.htm,https://www.sec.gov/Archives/edgar/data/0000850693/0000850693-15-000002-index.htm,2014-12-31
22,Allergan Inc,0000850693,https://www.sec.gov/Archives/edgar/data/0000850693/000085069314000002/R13.htm,https://www.sec.gov/Archives/edgar/data/0000850693/0000850693-14-000002-index.htm,2013-12-31
23,Allergan Inc,0000850693,https://www.sec.gov/Archives/edgar/data/0000850693/000085069313000002/R11.htm,https://www.sec.gov/Archives/edgar/data/0000850693/0000850693-13-000002-index.htm,2012-12-31
24,Allergan Inc,0000850693,https://www.sec.gov/Archives/edgar/data/0000850693/000085069312000003/R10.htm,https://www.sec.gov/Archives/edgar/data/0000850693/0000850693-12-000003-index.htm,2011-12-31
25,Allergan Inc,0000850693,http://makeresearchgreatagain.com/sec_files/Allergan_Inc_2011-03-01_report.html,https://www.sec.gov/Archives/edgar/data/0000850693/0001193125-11-050632-index.htm,2010-12-31
26,Allergan Inc,0000850693,http://makeresearchgreatagain.com/sec_files/Allergan_Inc_2010-02-26_report.html,https://www.sec.gov/Archives/edgar/data/0000850693/0001193125-10-043126-index.htm,2009-12-31
27,Allergan Inc,0000850693,http://makeresearchgreatagain.com/sec_files/Allergan_Inc_2009-02-27_report.html,https://www.sec.gov/Archives/edgar/data/0000850693/0001193125-09-040955-index.htm,2008-12-31
28,Allergan Inc,0000850693,http://makeresearchgreatagain.com/sec_files/Allergan_Inc_2008-02-28_report.html,https://www.sec.gov/Archives/edgar/data/0000850693/0000892569-08-000184-index.htm,2007-12-31
29,Allergan Inc,0000850693,http://makeresearchgreatagain.com/sec_files/Allergan_Inc_2007-03-01_report.html,https://www.sec.gov/Archives/edgar/data/0000850693/0000950137-07-003060-index.htm,2006-12-31
30,Allergan PLC,0001578845,No Acquisition,https://www.sec.gov/Archives/edgar/data/0001578845/0001564590-17-002433-index.htm,2016-12-31
31,Allergan PLC,0001578845,No Acquisition,https://www.sec.gov/Archives/edgar/data/0001578845/0001564590-16-013478-index.htm,2015-12-31
32,Allergan PLC,0001578845,No Acquisition,https://www.sec.gov/Archives/edgar/data/0001578845/0001193125-15-052898-index.htm,2014-12-31
33,Allergan PLC,0001578845,https://www.sec.gov/Archives/edgar/data/0001578845/000119312514066242/R11.htm,https://www.sec.gov/Archives/edgar/data/0001578845/0001193125-14-066242-index.htm,2013-12-31
34,Bed Bath & Beyond Inc,0000886158,https://www.sec.gov/Archives/edgar/data/0000886158/000117184317002300/R9.htm,https://www.sec.gov/Archives/edgar/data/0000886158/0001171843-17-002300-index.htm,2017-02-25
35,Bed Bath & Beyond Inc,0000886158,No Acquisition,https://www.sec.gov/Archives/edgar/data/0000886158/0001171843-16-009400-index.htm,2016-02-27
36,Bed Bath & Beyond Inc,0000886158,https://www.sec.gov/Archives/edgar/data/0000886158/000117184315002257/R9.htm,https://www.sec.gov/Archives/edgar/data/0000886158/0001171843-15-002257-index.htm,2015-02-28
37,Bed Bath & Beyond Inc,0000886158,https://www.sec.gov/Archives/edgar/data/0000886158/000117184314001962/R9.htm,https://www.sec.gov/Archives/edgar/data/0000886158/0001171843-14-001962-index.htm,2014-03-01
38,Bed Bath & Beyond Inc,0000886158,https://www.sec.gov/Archives/edgar/data/0000886158/000110465913035115/R9.htm,https://www.sec.gov/Archives/edgar/data/0000886158/0001104659-13-035115-index.htm,2013-03-02
39,Bed Bath & Beyond Inc,0000886158,No Acquisition,https://www.sec.gov/Archives/edgar/data/0000886158/0001104659-12-027814-index.htm,2012-02-25
40,Bed Bath & Beyond Inc,0000886158,No Acquisition,https://www.sec.gov/Archives/edgar/data/0000886158/0001104659-11-022393-index.htm,2011-02-26
41,Bed Bath & Beyond Inc,0000886158,http://makeresearchgreatagain.com/sec_files/Bed_Bath_&_Beyond_Inc_2010-04-27_report.html,https://www.sec.gov/Archives/edgar/data/0000886158/0001104659-10-022152-index.htm,2010-02-27
42,Bed Bath & Beyond Inc,0000886158,http://makeresearchgreatagain.com/sec_files/Bed_Bath_&_Beyond_Inc_2009-04-28_report.html,https://www.sec.gov/Archives/edgar/data/0000886158/0001104659-09-026769-index.htm,2009-02-28
43,Bed Bath & Beyond Inc,0000886158,http://makeresearchgreatagain.com/sec_files/Bed_Bath_&_Beyond_Inc_2008-04-30_report.html,https://www.sec.gov/Archives/edgar/data/0000886158/0001104659-08-028282-index.htm,2008-03-01
44,Bed Bath & Beyond Inc,0000886158,http://makeresearchgreatagain.com/sec_files/Bed_Bath_&_Beyond_Inc_2007-05-02_report.html,https://www.sec.gov/Archives/edgar/data/0000886158/0001104659-07-034862-index.htm,2007-03-03
45,BioMarin Pharmaceutical Inc,0001048477,https://www.sec.gov/Archives/edgar/data/0001048477/000156459017002483/R13.htm,https://www.sec.gov/Archives/edgar/data/0001048477/0001564590-17-002483-index.htm,2016-12-31
46,BioMarin Pharmaceutical Inc,0001048477,https://www.sec.gov/Archives/edgar/data/0001048477/000156459016013653/R13.htm,https://www.sec.gov/Archives/edgar/data/0001048477/0001564590-16-013653-index.htm,2015-12-31
47,BioMarin Pharmaceutical Inc,0001048477,https://www.sec.gov/Archives/edgar/data/0001048477/000156459015001140/R15.htm,https://www.sec.gov/Archives/edgar/data/0001048477/0001564590-15-001140-index.htm,2014-12-31
48,BioMarin Pharmaceutical Inc,0001048477,https://www.sec.gov/Archives/edgar/data/0001048477/000156459015001140/R29.htm,https://www.sec.gov/Archives/edgar/data/0001048477/0001564590-15-001140-index.htm,2014-12-31
49,BioMarin Pharmaceutical Inc,0001048477,https://www.sec.gov/Archives/edgar/data/0001048477/000119312514070025/R15.htm,https://www.sec.gov/Archives/edgar/data/0001048477/0001193125-14-070025-index.htm,2013-12-31
50,BioMarin Pharmaceutical Inc,0001048477,https://www.sec.gov/Archives/edgar/data/0001048477/000119312513077031/R24.htm,https://www.sec.gov/Archives/edgar/data/0001048477/0001193125-13-077031-index.htm,2012-12-31
51,BioMarin Pharmaceutical Inc,0001048477,https://www.sec.gov/Archives/edgar/data/0001048477/000119312513077031/R25.htm,https://www.sec.gov/Archives/edgar/data/0001048477/0001193125-13-077031-index.htm,2012-12-31
52,BioMarin Pharmaceutical Inc,0001048477,https://www.sec.gov/Archives/edgar/data/0001048477/000119312512072924/R11.htm,https://www.sec.gov/Archives/edgar/data/0001048477/0001193125-12-072924-index.htm,2011-12-31
53,BioMarin Pharmaceutical Inc,0001048477,https://www.sec.gov/Archives/edgar/data/0001048477/000119312512072924/R12.htm,https://www.sec.gov/Archives/edgar/data/0001048477/0001193125-12-072924-index.htm,2011-12-31
54,BioMarin Pharmaceutical Inc,0001048477,https://www.sec.gov/Archives/edgar/data/0001048477/000119312512072924/R13.htm,https://www.sec.gov/Archives/edgar/data/0001048477/0001193125-12-072924-index.htm,2011-12-31
55,BioMarin Pharmaceutical Inc,0001048477,http://makeresearchgreatagain.com/sec_files/BioMarin_Pharmaceutical_Inc_2011-02-24_report.html,https://www.sec.gov/Archives/edgar/data/0001048477/0001193125-11-045527-index.htm,2010-12-31
56,BioMarin Pharmaceutical Inc,0001048477,http://makeresearchgreatagain.com/sec_files/BioMarin_Pharmaceutical_Inc_2010-02-26_report.html,https://www.sec.gov/Archives/edgar/data/0001048477/0001193125-10-041516-index.htm,2009-12-31
57,BioMarin Pharmaceutical Inc,0001048477,No Acquisition,https://www.sec.gov/Archives/edgar/data/0001048477/0001193125-09-040972-index.htm,2008-12-31
58,BioMarin Pharmaceutical Inc,0001048477,http://makeresearchgreatagain.com/sec_files/BioMarin_Pharmaceutical_Inc_2008-02-28_report.html,https://www.sec.gov/Archives/edgar/data/0001048477/0001193125-08-040467-index.htm,2007-12-31
59,BioMarin Pharmaceutical Inc,0001048477,No Acquisition,https://www.sec.gov/Archives/edgar/data/0001048477/0001193125-07-041361-index.htm,2006-12-31
60,Bottomline Technologies Inc,0001073349,No Acquisition,https://www.sec.gov/Archives/edgar/data/0001073349/0001193125-17-269991-index.htm,2017-06-30
61,Bottomline Technologies Inc,0001073349,https://www.sec.gov/Archives/edgar/data/0001073349/000119312516694935/R11.htm,https://www.sec.gov/Archives/edgar/data/0001073349/0001193125-16-694935-index.htm,2016-06-30
62,Bottomline Technologies Inc,0001073349,https://www.sec.gov/Archives/edgar/data/0001073349/000119312515306606/R11.htm,https://www.sec.gov/Archives/edgar/data/0001073349/0001193125-15-306606-index.htm,2015-06-30
63,Bottomline Technologies Inc,0001073349,https://www.sec.gov/Archives/edgar/data/0001073349/000119312514324477/R11.htm,https://www.sec.gov/Archives/edgar/data/0001073349/0001193125-14-324477-index.htm,2014-06-30
64,Bottomline Technologies Inc,0001073349,https://www.sec.gov/Archives/edgar/data/0001073349/000119312513351488/R11.htm,https://www.sec.gov/Archives/edgar/data/0001073349/0001193125-13-351488-index.htm,2013-06-30
65,Bottomline Technologies Inc,0001073349,https://www.sec.gov/Archives/edgar/data/0001073349/000119312512369412/R11.htm,https://www.sec.gov/Archives/edgar/data/0001073349/0001193125-12-369412-index.htm,2012-06-30
66,Bottomline Technologies Inc,0001073349,https://www.sec.gov/Archives/edgar/data/0001073349/000119312511244233/R11.htm,https://www.sec.gov/Archives/edgar/data/0001073349/0001193125-11-244233-index.htm,2011-06-30
67,Bottomline Technologies Inc,0001073349,http://makeresearchgreatagain.com/sec_files/Bottomline_Technologies_Inc_2010-09-10_report.html,https://www.sec.gov/Archives/edgar/data/0001073349/0001193125-10-207831-index.htm,2010-06-30
68,Bottomline Technologies Inc,0001073349,http://makeresearchgreatagain.com/sec_files/Bottomline_Technologies_Inc_2009-09-11_report.html,https://www.sec.gov/Archives/edgar/data/0001073349/0001193125-09-190353-index.htm,2009-06-30
69,Bottomline Technologies Inc,0001073349,http://makeresearchgreatagain.com/sec_files/Bottomline_Technologies_Inc_2008-09-12_report.html,https://www.sec.gov/Archives/edgar/data/0001073349/0001193125-08-195286-index.htm,2008-06-30
70,Bottomline Technologies Inc,0001073349,http://makeresearchgreatagain.com/sec_files/Bottomline_Technologies_Inc_2007-09-12_report.html,https://www.sec.gov/Archives/edgar/data/0001073349/0001193125-07-199767-index.htm,2007-06-30
71,Comcast Corp,0001166691,No Acquisition,https://www.sec.gov/Archives/edgar/data/0001166691/0001193125-17-030512-index.htm,2016-12-31
72,Comcast Corp,0001166691,No Acquisition,https://www.sec.gov/Archives/edgar/data/0001166691/0001193125-16-452423-index.htm,2015-12-31
73,Comcast Corp,0001166691,No Acquisition,https://www.sec.gov/Archives/edgar/data/0001166691/0001193125-15-068526-index.htm,2014-12-31
74,Comcast Corp,0001166691,No Acquisition,https://www.sec.gov/Archives/edgar/data/0001166691/0001193125-14-047522-index.htm,2013-12-31
75,Comcast Corp,0001166691,https://www.sec.gov/Archives/edgar/data/0001166691/000119312513067658/R12.htm,https://www.sec.gov/Archives/edgar/data/0001166691/0001193125-13-067658-index.htm,2012-12-31
76,Comcast Corp,0001166691,https://www.sec.gov/Archives/edgar/data/0001166691/000119312512073905/R12.htm,https://www.sec.gov/Archives/edgar/data/0001166691/0001193125-12-073905-index.htm,2011-12-31
77,Comcast Corp,0001166691,http://makeresearchgreatagain.com/sec_files/Comcast_Corp_2011-02-25_report.html,https://www.sec.gov/Archives/edgar/data/0001166691/0001193125-11-047243-index.htm,2010-12-31
78,Comcast Corp,0001166691,http://makeresearchgreatagain.com/sec_files/Comcast_Corp_2010-02-23_report.html,https://www.sec.gov/Archives/edgar/data/0001166691/0001193125-10-037551-index.htm,2009-12-31
79,Comcast Corp,0001166691,http://makeresearchgreatagain.com/sec_files/Comcast_Corp_2009-02-20_report.html,https://www.sec.gov/Archives/edgar/data/0001166691/0001193125-09-033975-index.htm,2008-12-31
80,Comcast Corp,0001166691,http://makeresearchgreatagain.com/sec_files/Comcast_Corp_2008-02-20_report.html,https://www.sec.gov/Archives/edgar/data/0001166691/0001193125-08-034239-index.htm,2007-12-31
81,Comcast Corp,0001166691,http://makeresearchgreatagain.com/sec_files/Comcast_Corp_2007-02-26_report.html,https://www.sec.gov/Archives/edgar/data/0001166691/0001193125-07-039301-index.htm,2006-12-31
82,DaVita HealthCare Partners Inc,0000927066,https://www.sec.gov/Archives/edgar/data/0000927066/000156459017002409/R28.htm,https://www.sec.gov/Archives/edgar/data/0000927066/0001564590-17-002409-index.htm,2016-12-31
83,DaVita HealthCare Partners Inc,0000927066,https://www.sec.gov/Archives/edgar/data/0000927066/000156459016013587/R28.htm,https://www.sec.gov/Archives/edgar/data/0000927066/0001564590-16-013587-index.htm,2015-12-31
84,DaVita HealthCare Partners Inc,0000927066,https://www.sec.gov/Archives/edgar/data/0000927066/000156459015001035/R28.htm,https://www.sec.gov/Archives/edgar/data/0000927066/0001564590-15-001035-index.htm,2014-12-31
85,DaVita HealthCare Partners Inc,0000927066,https://www.sec.gov/Archives/edgar/data/0000927066/000119312514062565/R28.htm,https://www.sec.gov/Archives/edgar/data/0000927066/0001193125-14-062565-index.htm,2013-12-31
86,DaVita HealthCare Partners Inc,0000927066,https://www.sec.gov/Archives/edgar/data/0000927066/000119312513085450/R26.htm,https://www.sec.gov/Archives/edgar/data/0000927066/0001193125-13-085450-index.htm,2012-12-31
87,DaVita HealthCare Partners Inc,0000927066,https://www.sec.gov/Archives/edgar/data/0000927066/000119312512077942/R25.htm,https://www.sec.gov/Archives/edgar/data/0000927066/0001193125-12-077942-index.htm,2011-12-31
88,DaVita HealthCare Partners Inc,0000927066,http://makeresearchgreatagain.com/sec_files/DaVita_HealthCare_Partners_Inc_2011-02-25_report.html,https://www.sec.gov/Archives/edgar/data/0000927066/0001193125-11-046882-index.htm,2010-12-31
89,DaVita HealthCare Partners Inc,0000927066,http://makeresearchgreatagain.com/sec_files/DaVita_HealthCare_Partners_Inc_2010-02-25_report.html,https://www.sec.gov/Archives/edgar/data/0000927066/0001193125-10-040773-index.htm,2009-12-31
90,DaVita HealthCare Partners Inc,0000927066,http://makeresearchgreatagain.com/sec_files/DaVita_HealthCare_Partners_Inc_2009-02-27_report.html,https://www.sec.gov/Archives/edgar/data/0000927066/0001193125-09-040883-index.htm,2008-12-31
91,DaVita HealthCare Partners Inc,0000927066,http://makeresearchgreatagain.com/sec_files/DaVita_HealthCare_Partners_Inc_2008-02-29_report.html,https://www.sec.gov/Archives/edgar/data/0000927066/0001193125-08-042304-index.htm,2007-12-31
92,DaVita HealthCare Partners Inc,0000927066,http://makeresearchgreatagain.com/sec_files/DaVita_HealthCare_Partners_Inc_2007-02-28_report.html,https://www.sec.gov/Archives/edgar/data/0000927066/0001193125-07-041368-index.htm,2006-12-31
93,DaVita Inc,0000927066,https://www.sec.gov/Archives/edgar/data/0000927066/000156459017002409/R28.htm,https://www.sec.gov/Archives/edgar/data/0000927066/0001564590-17-002409-index.htm,2016-12-31
94,DaVita Inc,0000927066,https://www.sec.gov/Archives/edgar/data/0000927066/000156459016013587/R28.htm,https://www.sec.gov/Archives/edgar/data/0000927066/0001564590-16-013587-index.htm,2015-12-31
95,DaVita Inc,0000927066,https://www.sec.gov/Archives/edgar/data/0000927066/000156459015001035/R28.htm,https://www.sec.gov/Archives/edgar/data/0000927066/0001564590-15-001035-index.htm,2014-12-31
96,DaVita Inc,0000927066,https://www.sec.gov/Archives/edgar/data/0000927066/000119312514062565/R28.htm,https://www.sec.gov/Archives/edgar/data/0000927066/0001193125-14-062565-index.htm,2013-12-31
97,DaVita Inc,0000927066,https://www.sec.gov/Archives/edgar/data/0000927066/000119312513085450/R26.htm,https://www.sec.gov/Archives/edgar/data/0000927066/0001193125-13-085450-index.htm,2012-12-31
98,DaVita Inc,0000927066,https://www.sec.gov/Archives/edgar/data/0000927066/000119312512077942/R25.htm,https://www.sec.gov/Archives/edgar/data/0000927066/0001193125-12-077942-index.htm,2011-12-31
99,DaVita Inc,0000927066,http://makeresearchgreatagain.com/sec_files/DaVita_Inc_2011-02-25_report.html,https://www.sec.gov/Archives/edgar/data/0000927066/0001193125-11-046882-index.htm,2010-12-31
100,DaVita Inc,0000927066,http://makeresearchgreatagain.com/sec_files/DaVita_Inc_2010-02-25_report.html,https://www.sec.gov/Archives/edgar/data/0000927066/0001193125-10-040773-index.htm,2009-12-31
101,DaVita Inc,0000927066,http://makeresearchgreatagain.com/sec_files/DaVita_Inc_2009-02-27_report.html,https://www.sec.gov/Archives/edgar/data/0000927066/0001193125-09-040883-index.htm,2008-12-31
102,DaVita Inc,0000927066,http://makeresearchgreatagain.com/sec_files/DaVita_Inc_2008-02-29_report.html,https://www.sec.gov/Archives/edgar/data/0000927066/0001193125-08-042304-index.htm,2007-12-31
103,DaVita Inc,0000927066,http://makeresearchgreatagain.com/sec_files/DaVita_Inc_2007-02-28_report.html,https://www.sec.gov/Archives/edgar/data/0000927066/0001193125-07-041368-index.htm,2006-12-31
104,Dun & Bradstreet Corp,0001115222,https://www.sec.gov/Archives/edgar/data/0001115222/000111522217000007/R26.htm,https://www.sec.gov/Archives/edgar/data/0001115222/0001115222-17-000007-index.htm,2016-12-31
105,Dun & Bradstreet Corp,0001115222,https://www.sec.gov/Archives/edgar/data/0001115222/000111522216000045/R26.htm,https://www.sec.gov/Archives/edgar/data/0001115222/0001115222-16-000045-index.htm,2015-12-31
106,Dun & Bradstreet Corp,0001115222,No Acquisition,https://www.sec.gov/Archives/edgar/data/0001115222/0001115222-15-000006-index.htm,2014-12-31
107,Dun & Bradstreet Corp,0001115222,No Acquisition,https://www.sec.gov/Archives/edgar/data/0001115222/0001115222-14-000012-index.htm,2013-12-31
108,Dun & Bradstreet Corp,0001115222,https://www.sec.gov/Archives/edgar/data/0001115222/000111522213000004/R12.htm,https://www.sec.gov/Archives/edgar/data/0001115222/0001115222-13-000004-index.htm,2012-12-31
109,Dun & Bradstreet Corp,0001115222,https://www.sec.gov/Archives/edgar/data/0001115222/000119312512088493/R12.htm,https://www.sec.gov/Archives/edgar/data/0001115222/0001193125-12-088493-index.htm,2011-12-31
110,Dun & Bradstreet Corp,0001115222,http://makeresearchgreatagain.com/sec_files/Dun_&_Bradstreet_Corp_2011-03-01_report.html,https://www.sec.gov/Archives/edgar/data/0001115222/0001193125-11-051310-index.htm,2010-12-31
111,Dun & Bradstreet Corp,0001115222,http://makeresearchgreatagain.com/sec_files/Dun_&_Bradstreet_Corp_2010-02-25_report.html,https://www.sec.gov/Archives/edgar/data/0001115222/0001193125-10-039993-index.htm,2009-12-31
112,Dun & Bradstreet Corp,0001115222,http://makeresearchgreatagain.com/sec_files/Dun_&_Bradstreet_Corp_2009-02-24_report.html,https://www.sec.gov/Archives/edgar/data/0001115222/0001193125-09-036159-index.htm,2008-12-31
113,Dun & Bradstreet Corp,0001115222,http://makeresearchgreatagain.com/sec_files/Dun_&_Bradstreet_Corp_2008-02-25_report.html,https://www.sec.gov/Archives/edgar/data/0001115222/0001193125-08-037503-index.htm,2007-12-31
114,Dun & Bradstreet Corp,0001115222,http://makeresearchgreatagain.com/sec_files/Dun_&_Bradstreet_Corp_2007-02-28_report.html,https://www.sec.gov/Archives/edgar/data/0001115222/0001193125-07-041994-index.htm,2006-12-31
115,Emerson Electric Co,0000032604,https://www.sec.gov/Archives/edgar/data/0000032604/000003260417000046/R12.htm,https://www.sec.gov/Archives/edgar/data/0000032604/0000032604-17-000046-index.htm,2017-09-30
116,Emerson Electric Co,0000032604,https://www.sec.gov/Archives/edgar/data/0000032604/000003260416000105/R12.htm,https://www.sec.gov/Archives/edgar/data/0000032604/0000032604-16-000105-index.htm,2016-09-30
117,Emerson Electric Co,0000032604,https://www.sec.gov/Archives/edgar/data/0000032604/000003260415000051/R12.htm,https://www.sec.gov/Archives/edgar/data/0000032604/0000032604-15-000051-index.htm,2015-09-30
118,Emerson Electric Co,0000032604,https://www.sec.gov/Archives/edgar/data/0000032604/000003260414000048/R12.htm,https://www.sec.gov/Archives/edgar/data/0000032604/0000032604-14-000048-index.htm,2014-09-30
119,Emerson Electric Co,0000032604,https://www.sec.gov/Archives/edgar/data/0000032604/000003260413000044/R12.htm,https://www.sec.gov/Archives/edgar/data/0000032604/0000032604-13-000044-index.htm,2013-09-30
120,Emerson Electric Co,0000032604,https://www.sec.gov/Archives/edgar/data/0000032604/000003260412000012/R11.htm,https://www.sec.gov/Archives/edgar/data/0000032604/0000032604-12-000012-index.htm,2012-09-30
121,Emerson Electric Co,0000032604,https://www.sec.gov/Archives/edgar/data/0000032604/000114420411066373/R11.htm,https://www.sec.gov/Archives/edgar/data/0000032604/0001144204-11-066373-index.htm,2011-09-30
122,Emerson Electric Co,0000032604,http://makeresearchgreatagain.com/sec_files/Emerson_Electric_Co_2010-11-23_report.html,https://www.sec.gov/Archives/edgar/data/0000032604/0001144204-10-063258-index.htm,2010-09-30
123,Emerson Electric Co,0000032604,http://makeresearchgreatagain.com/sec_files/Emerson_Electric_Co_2009-11-23_report.html,https://www.sec.gov/Archives/edgar/data/0000032604/0001144204-09-061535-index.htm,2009-09-30
124,Emerson Electric Co,0000032604,http://makeresearchgreatagain.com/sec_files/Emerson_Electric_Co_2008-11-25_report.html,https://www.sec.gov/Archives/edgar/data/0000032604/0001144204-08-066523-index.htm,2008-09-30
125,Emerson Electric Co,0000032604,http://makeresearchgreatagain.com/sec_files/Emerson_Electric_Co_2007-11-19_report.html,https://www.sec.gov/Archives/edgar/data/0000032604/0001144204-07-063041-index.htm,2007-09-30
126,Federal Signal Corp,0000277509,https://www.sec.gov/Archives/edgar/data/0000277509/000027750917000008/R12.htm,https://www.sec.gov/Archives/edgar/data/0000277509/0000277509-17-000008-index.htm,2016-12-31
127,Federal Signal Corp,0000277509,No Acquisition,https://www.sec.gov/Archives/edgar/data/0000277509/0000277509-16-000096-index.htm,2015-12-31
128,Federal Signal Corp,0000277509,No Acquisition,https://www.sec.gov/Archives/edgar/data/0000277509/0000277509-15-000008-index.htm,2014-12-31
129,Federal Signal Corp,0000277509,No Acquisition,https://www.sec.gov/Archives/edgar/data/0000277509/0000277509-14-000007-index.htm,2013-12-31
130,Federal Signal Corp,0000277509,No Acquisition,https://www.sec.gov/Archives/edgar/data/0000277509/0001193125-13-109337-index.htm,2012-12-31
131,Federal Signal Corp,0000277509,https://www.sec.gov/Archives/edgar/data/0000277509/000119312512115045/R10.htm,https://www.sec.gov/Archives/edgar/data/0000277509/0001193125-12-115045-index.htm,2011-12-31
132,Federal Signal Corp,0000277509,http://makeresearchgreatagain.com/sec_files/Federal_Signal_Corp_2011-03-16_report.html,https://www.sec.gov/Archives/edgar/data/0000277509/0000950123-11-025900-index.htm,2010-12-31
133,Federal Signal Corp,0000277509,http://makeresearchgreatagain.com/sec_files/Federal_Signal_Corp_2010-02-26_report.html,https://www.sec.gov/Archives/edgar/data/0000277509/0000950123-10-017679-index.htm,2009-12-31
134,Federal Signal Corp,0000277509,http://makeresearchgreatagain.com/sec_files/Federal_Signal_Corp_2009-02-27_report.html,https://www.sec.gov/Archives/edgar/data/0000277509/0000950137-09-001359-index.htm,2008-12-31
135,Federal Signal Corp,0000277509,http://makeresearchgreatagain.com/sec_files/Federal_Signal_Corp_2008-02-27_report.html,https://www.sec.gov/Archives/edgar/data/0000277509/0000950137-08-002837-index.htm,2007-12-31
136,Federal Signal Corp,0000277509,No Acquisition,https://www.sec.gov/Archives/edgar/data/0000277509/0000950137-07-002610-index.htm,2006-12-31
137,Ferro Corp,0000035214,https://www.sec.gov/Archives/edgar/data/0000035214/000156276217000028/R13.htm,https://www.sec.gov/Archives/edgar/data/0000035214/0001562762-17-000028-index.htm,2016-12-31
138,Ferro Corp,0000035214,https://www.sec.gov/Archives/edgar/data/0000035214/000156276216000341/R12.htm,https://www.sec.gov/Archives/edgar/data/0000035214/0001562762-16-000341-index.htm,2015-12-31
139,Ferro Corp,0000035214,https://www.sec.gov/Archives/edgar/data/0000035214/000156276215000041/R12.htm,https://www.sec.gov/Archives/edgar/data/0000035214/0001562762-15-000041-index.htm,2014-12-31
140,Ferro Corp,0000035214,No Acquisition,https://www.sec.gov/Archives/edgar/data/0000035214/0001193125-14-065182-index.htm,2013-12-31
141,Ferro Corp,0000035214,No Acquisition,https://www.sec.gov/Archives/edgar/data/0000035214/0001193125-13-090626-index.htm,2012-12-31
142,Ferro Corp,0000035214,No Acquisition,https://www.sec.gov/Archives/edgar/data/0000035214/0001193125-12-086029-index.htm,2011-12-31
143,Ferro Corp,0000035214,http://makeresearchgreatagain.com/sec_files/Ferro_Corp_2011-02-28_report.html,https://www.sec.gov/Archives/edgar/data/0000035214/0000950123-11-019921-index.htm,2010-12-31
144,Ferro Corp,0000035214,No Acquisition,https://www.sec.gov/Archives/edgar/data/0000035214/0000950123-10-019423-index.htm,2009-12-31
145,Ferro Corp,0000035214,http://makeresearchgreatagain.com/sec_files/Ferro_Corp_2009-03-11_report.html,https://www.sec.gov/Archives/edgar/data/0000035214/0000950152-09-002492-index.htm,2008-12-31
146,Ferro Corp,0000035214,http://makeresearchgreatagain.com/sec_files/Ferro_Corp_2008-02-29_report.html,https://www.sec.gov/Archives/edgar/data/0000035214/0000950152-08-001569-index.htm,2007-12-31
147,Ferro Corp,0000035214,http://makeresearchgreatagain.com/sec_files/Ferro_Corp_2007-03-01_report.html,https://www.sec.gov/Archives/edgar/data/0000035214/0000950152-07-001684-index.htm,2006-12-31
148,Hanger Inc,0000722723,https://www.sec.gov/Archives/edgar/data/0000722723/000110465917032012/R15.htm,https://www.sec.gov/Archives/edgar/data/0000722723/0001104659-17-032012-index.htm,2014-12-31
149,Hanger Inc,0000722723,https://www.sec.gov/Archives/edgar/data/0000722723/000104746914003425/R13.htm,https://www.sec.gov/Archives/edgar/data/0000722723/0001047469-14-003425-index.htm,2013-12-31
150,Hanger Inc,0000722723,http://makeresearchgreatagain.com/sec_files/Hanger_Inc_2013-03-18_report.html,https://www.sec.gov/Archives/edgar/data/0000722723/0001047469-13-002994-index.htm,2012-12-31
151,Hanger Inc,0000722723,https://www.sec.gov/Archives/edgar/data/0000722723/000104746912001903/R13.htm,https://www.sec.gov/Archives/edgar/data/0000722723/0001047469-12-001903-index.htm,2011-12-31
152,Hanger Inc,0000722723,http://makeresearchgreatagain.com/sec_files/Hanger_Inc_2011-03-11_report.html,https://www.sec.gov/Archives/edgar/data/0000722723/0001047469-11-002064-index.htm,2010-12-31
153,Hanger Inc,0000722723,http://makeresearchgreatagain.com/sec_files/Hanger_Inc_2010-03-03_report.html,https://www.sec.gov/Archives/edgar/data/0000722723/0001047469-10-001757-index.htm,2009-12-31
154,Hanger Inc,0000722723,http://makeresearchgreatagain.com/sec_files/Hanger_Inc_2009-02-27_report.html,https://www.sec.gov/Archives/edgar/data/0000722723/0001047469-09-001956-index.htm,2008-12-31
155,Hanger Inc,0000722723,http://makeresearchgreatagain.com/sec_files/Hanger_Inc_2008-02-27_report.html,https://www.sec.gov/Archives/edgar/data/0000722723/0000897069-08-000510-index.htm,2007-12-31
156,Hanger Inc,0000722723,http://makeresearchgreatagain.com/sec_files/Hanger_Inc_2007-03-16_report.html,https://www.sec.gov/Archives/edgar/data/0000722723/0000897069-07-000793-index.htm,2006-12-31
157,Hanger Orthopedic Group Inc,0000722723,https://www.sec.gov/Archives/edgar/data/0000722723/000110465917032012/R15.htm,https://www.sec.gov/Archives/edgar/data/0000722723/0001104659-17-032012-index.htm,2014-12-31
158,Hanger Orthopedic Group Inc,0000722723,https://www.sec.gov/Archives/edgar/data/0000722723/000104746914003425/R13.htm,https://www.sec.gov/Archives/edgar/data/0000722723/0001047469-14-003425-index.htm,2013-12-31
159,Hanger Orthopedic Group Inc,0000722723,http://makeresearchgreatagain.com/sec_files/Hanger_Orthopedic_Group_Inc_2013-03-18_report.html,https://www.sec.gov/Archives/edgar/data/0000722723/0001047469-13-002994-index.htm,2012-12-31
160,Hanger Orthopedic Group Inc,0000722723,https://www.sec.gov/Archives/edgar/data/0000722723/000104746912001903/R13.htm,https://www.sec.gov/Archives/edgar/data/0000722723/0001047469-12-001903-index.htm,2011-12-31
161,Hanger Orthopedic Group Inc,0000722723,http://makeresearchgreatagain.com/sec_files/Hanger_Orthopedic_Group_Inc_2011-03-11_report.html,https://www.sec.gov/Archives/edgar/data/0000722723/0001047469-11-002064-index.htm,2010-12-31
162,Hanger Orthopedic Group Inc,0000722723,http://makeresearchgreatagain.com/sec_files/Hanger_Orthopedic_Group_Inc_2010-03-03_report.html,https://www.sec.gov/Archives/edgar/data/0000722723/0001047469-10-001757-index.htm,2009-12-31
163,Hanger Orthopedic Group Inc,0000722723,http://makeresearchgreatagain.com/sec_files/Hanger_Orthopedic_Group_Inc_2009-02-27_report.html,https://www.sec.gov/Archives/edgar/data/0000722723/0001047469-09-001956-index.htm,2008-12-31
164,Hanger Orthopedic Group Inc,0000722723,http://makeresearchgreatagain.com/sec_files/Hanger_Orthopedic_Group_Inc_2008-02-27_report.html,https://www.sec.gov/Archives/edgar/data/0000722723/0000897069-08-000510-index.htm,2007-12-31
165,Hanger Orthopedic Group Inc,0000722723,http://makeresearchgreatagain.com/sec_files/Hanger_Orthopedic_Group_Inc_2007-03-16_report.html,https://www.sec.gov/Archives/edgar/data/0000722723/0000897069-07-000793-index.htm,2006-12-31
166,Harman Intl Industries Inc,0000800459,https://www.sec.gov/Archives/edgar/data/0000800459/000156459016024079/R9.htm,https://www.sec.gov/Archives/edgar/data/0000800459/0001564590-16-024079-index.htm,2016-06-30
167,Harman Intl Industries Inc,0000800459,https://www.sec.gov/Archives/edgar/data/0000800459/000119312515283170/R9.htm,https://www.sec.gov/Archives/edgar/data/0000800459/0001193125-15-283170-index.htm,2015-06-30
168,Harman Intl Industries Inc,0000800459,https://www.sec.gov/Archives/edgar/data/0000800459/000119312514300900/R9.htm,https://www.sec.gov/Archives/edgar/data/0000800459/0001193125-14-300900-index.htm,2014-06-30
169,Harman Intl Industries Inc,0000800459,https://www.sec.gov/Archives/edgar/data/0000800459/000119312513329239/R9.htm,https://www.sec.gov/Archives/edgar/data/0000800459/0001193125-13-329239-index.htm,2013-06-30
170,Harman Intl Industries Inc,0000800459,https://www.sec.gov/Archives/edgar/data/0000800459/000119312512349353/R8.htm,https://www.sec.gov/Archives/edgar/data/0000800459/0001193125-12-349353-index.htm,2012-06-30
171,Harman Intl Industries Inc,0000800459,https://www.sec.gov/Archives/edgar/data/0000800459/000119312511219632/R8.htm,https://www.sec.gov/Archives/edgar/data/0000800459/0001193125-11-219632-index.htm,2011-06-30
172,Harman Intl Industries Inc,0000800459,http://makeresearchgreatagain.com/sec_files/Harman_Intl_Industries_Inc_2010-08-06_report.html,https://www.sec.gov/Archives/edgar/data/0000800459/0001193125-10-181476-index.htm,2010-06-30
173,Harman Intl Industries Inc,0000800459,http://makeresearchgreatagain.com/sec_files/Harman_Intl_Industries_Inc_2009-08-19_report.html,https://www.sec.gov/Archives/edgar/data/0000800459/0001193125-09-178299-index.htm,2009-06-30
174,Harman Intl Industries Inc,0000800459,No Acquisition,https://www.sec.gov/Archives/edgar/data/0000800459/0000800459-08-000064-index.htm,2008-06-30
175,Harman Intl Industries Inc,0000800459,No Acquisition,https://www.sec.gov/Archives/edgar/data/0000800459/0000800459-07-000060-index.htm,2007-06-30
176,Hercules Offshore Inc,0001330849,https://www.sec.gov/Archives/edgar/data/0001330849/000133084916000134/R15.htm,https://www.sec.gov/Archives/edgar/data/0001330849/0001330849-16-000134-index.htm,2015-12-31
177,Hercules Offshore Inc,0001330849,https://www.sec.gov/Archives/edgar/data/0001330849/000133084915000019/R12.htm,https://www.sec.gov/Archives/edgar/data/0001330849/0001330849-15-000019-index.htm,2014-12-31
178,Hercules Offshore Inc,0001330849,https://www.sec.gov/Archives/edgar/data/0001330849/000133084914000017/R12.htm,https://www.sec.gov/Archives/edgar/data/0001330849/0001330849-14-000017-index.htm,2013-12-31
179,Hercules Offshore Inc,0001330849,No Acquisition,https://www.sec.gov/Archives/edgar/data/0001330849/0001330849-13-000015-index.htm,2012-12-31
180,Hercules Offshore Inc,0001330849,No Acquisition,https://www.sec.gov/Archives/edgar/data/0001330849/0001193125-12-092018-index.htm,2011-12-31
181,Hercules Offshore Inc,0001330849,http://makeresearchgreatagain.com/sec_files/Hercules_Offshore_Inc_2011-03-10_report.html,https://www.sec.gov/Archives/edgar/data/0001330849/0000950123-11-023885-index.htm,2010-12-31
182,Hercules Offshore Inc,0001330849,http://makeresearchgreatagain.com/sec_files/Hercules_Offshore_Inc_2010-03-02_report.html,https://www.sec.gov/Archives/edgar/data/0001330849/0000950123-10-020083-index.htm,2009-12-31
183,Hercules Offshore Inc,0001330849,http://makeresearchgreatagain.com/sec_files/Hercules_Offshore_Inc_2009-02-26_report.html,https://www.sec.gov/Archives/edgar/data/0001330849/0000950129-09-000635-index.htm,2008-12-31
184,Hercules Offshore Inc,0001330849,http://makeresearchgreatagain.com/sec_files/Hercules_Offshore_Inc_2008-02-27_report.html,https://www.sec.gov/Archives/edgar/data/0001330849/0000950134-08-003512-index.htm,2007-12-31
185,Hercules Offshore Inc,0001330849,http://makeresearchgreatagain.com/sec_files/Hercules_Offshore_Inc_2007-02-28_report.html,https://www.sec.gov/Archives/edgar/data/0001330849/0001193125-07-041377-index.htm,2006-12-31
186,Latteno Food Corp,0000743241,http://makeresearchgreatagain.com/sec_files/Latteno_Food_Corp_2011-04-15_report.html,https://www.sec.gov/Archives/edgar/data/0000743241/0001144204-11-022428-index.htm,2010-12-31
187,Latteno Food Corp,0000743241,http://makeresearchgreatagain.com/sec_files/Latteno_Food_Corp_2010-04-15_report.html,https://www.sec.gov/Archives/edgar/data/0000743241/0001144204-10-020623-index.htm,2009-12-31
188,Latteno Food Corp,0000743241,http://makeresearchgreatagain.com/sec_files/Latteno_Food_Corp_2009-04-15_report.html,https://www.sec.gov/Archives/edgar/data/0000743241/0001144204-09-020593-index.htm,2008-12-31
189,Measurement Specialties Inc,0000778734,https://www.sec.gov/Archives/edgar/data/0000778734/000114420414035200/R13.htm,https://www.sec.gov/Archives/edgar/data/0000778734/0001144204-14-035200-index.htm,2014-03-31
190,Measurement Specialties Inc,0000778734,https://www.sec.gov/Archives/edgar/data/0000778734/000114420413033392/R13.htm,https://www.sec.gov/Archives/edgar/data/0000778734/0001144204-13-033392-index.htm,2013-03-31
191,Measurement Specialties Inc,0000778734,https://www.sec.gov/Archives/edgar/data/0000778734/000114420412033516/R12.htm,https://www.sec.gov/Archives/edgar/data/0000778734/0001144204-12-033516-index.htm,2012-03-31
192,Measurement Specialties Inc,0000778734,http://makeresearchgreatagain.com/sec_files/Measurement_Specialties_Inc_2011-06-07_report.html,https://www.sec.gov/Archives/edgar/data/0000778734/0001144204-11-034407-index.htm,2011-03-31
193,Measurement Specialties Inc,0000778734,http://makeresearchgreatagain.com/sec_files/Measurement_Specialties_Inc_2010-06-09_report.html,https://www.sec.gov/Archives/edgar/data/0000778734/0001144204-10-032646-index.htm,2010-03-31
194,Measurement Specialties Inc,0000778734,http://makeresearchgreatagain.com/sec_files/Measurement_Specialties_Inc_2009-06-10_report.html,https://www.sec.gov/Archives/edgar/data/0000778734/0001144204-09-031921-index.htm,2009-03-31
195,Measurement Specialties Inc,0000778734,http://makeresearchgreatagain.com/sec_files/Measurement_Specialties_Inc_2008-06-12_report.html,https://www.sec.gov/Archives/edgar/data/0000778734/0001144204-08-034781-index.htm,2008-03-31
196,Measurement Specialties Inc,0000778734,http://makeresearchgreatagain.com/sec_files/Measurement_Specialties_Inc_2007-06-12_report.html,https://www.sec.gov/Archives/edgar/data/0000778734/0001144204-07-031447-index.htm,2007-03-31
197,Microsoft Corp,0000789019,No Acquisition,https://www.sec.gov/Archives/edgar/data/0000789019/0001564590-17-014900-index.htm,2017-06-30
198,Microsoft Corp,0000789019,No Acquisition,https://www.sec.gov/Archives/edgar/data/0000789019/0001193125-16-662209-index.htm,2016-06-30
199,Microsoft Corp,0000789019,No Acquisition,https://www.sec.gov/Archives/edgar/data/0000789019/0001193125-15-272806-index.htm,2015-06-30
200,Microsoft Corp,0000789019,No Acquisition,https://www.sec.gov/Archives/edgar/data/0000789019/0001193125-14-289961-index.htm,2014-06-30
201,Microsoft Corp,0000789019,No Acquisition,https://www.sec.gov/Archives/edgar/data/0000789019/0001193125-13-310206-index.htm,2013-06-30
202,Microsoft Corp,0000789019,No Acquisition,https://www.sec.gov/Archives/edgar/data/0000789019/0001193125-12-316848-index.htm,2012-06-30
203,Microsoft Corp,0000789019,No Acquisition,https://www.sec.gov/Archives/edgar/data/0000789019/0001193125-11-200680-index.htm,2011-06-30
204,Microsoft Corp,0000789019,No Acquisition,https://www.sec.gov/Archives/edgar/data/0000789019/0001193125-10-171791-index.htm,2010-06-30
205,Microsoft Corp,0000789019,http://makeresearchgreatagain.com/sec_files/Microsoft_Corp_2009-07-30_report.html,https://www.sec.gov/Archives/edgar/data/0000789019/0001193125-09-158735-index.htm,2009-06-30
206,Microsoft Corp,0000789019,http://makeresearchgreatagain.com/sec_files/Microsoft_Corp_2008-07-31_report.html,https://www.sec.gov/Archives/edgar/data/0000789019/0001193125-08-162768-index.htm,2008-06-30
207,Microsoft Corp,0000789019,No Acquisition,https://www.sec.gov/Archives/edgar/data/0000789019/0001193125-07-170817-index.htm,2007-06-30
208,Mistras Group Inc,0001436126,https://www.sec.gov/Archives/edgar/data/0001436126/000143612617000024/R14.htm,https://www.sec.gov/Archives/edgar/data/0001436126/0001436126-17-000024-index.htm,2016-12-31
209,Mistras Group Inc,0001436126,https://www.sec.gov/Archives/edgar/data/0001436126/000143612616000062/R14.htm,https://www.sec.gov/Archives/edgar/data/0001436126/0001436126-16-000062-index.htm,2016-05-31
210,Mistras Group Inc,0001436126,https://www.sec.gov/Archives/edgar/data/0001436126/000143612615000018/R14.htm,https://www.sec.gov/Archives/edgar/data/0001436126/0001436126-15-000018-index.htm,2015-05-31
211,Mistras Group Inc,0001436126,https://www.sec.gov/Archives/edgar/data/0001436126/000110465914058909/R14.htm,https://www.sec.gov/Archives/edgar/data/0001436126/0001104659-14-058909-index.htm,2014-05-31
212,Mistras Group Inc,0001436126,https://www.sec.gov/Archives/edgar/data/0001436126/000110465913064031/R15.htm,https://www.sec.gov/Archives/edgar/data/0001436126/0001104659-13-064031-index.htm,2013-05-31
213,Mistras Group Inc,0001436126,https://www.sec.gov/Archives/edgar/data/0001436126/000110465912057839/R14.htm,https://www.sec.gov/Archives/edgar/data/0001436126/0001104659-12-057839-index.htm,2012-05-31
214,Mistras Group Inc,0001436126,http://makeresearchgreatagain.com/sec_files/Mistras_Group_Inc_2011-08-12_report.html,https://www.sec.gov/Archives/edgar/data/0001436126/0001104659-11-046479-index.htm,2011-05-31
215,Mistras Group Inc,0001436126,http://makeresearchgreatagain.com/sec_files/Mistras_Group_Inc_2010-08-17_report.html,https://www.sec.gov/Archives/edgar/data/0001436126/0001019056-10-001041-index.htm,2010-05-31
216,Monotype Imaging Holdings Inc,0001385292,https://www.sec.gov/Archives/edgar/data/0001385292/000119312517060429/R11.htm,https://www.sec.gov/Archives/edgar/data/0001385292/0001193125-17-060429-index.htm,2016-12-31
217,Monotype Imaging Holdings Inc,0001385292,https://www.sec.gov/Archives/edgar/data/0001385292/000119312516481975/R11.htm,https://www.sec.gov/Archives/edgar/data/0001385292/0001193125-16-481975-index.htm,2015-12-31
218,Monotype Imaging Holdings Inc,0001385292,https://www.sec.gov/Archives/edgar/data/0001385292/000119312515069684/R10.htm,https://www.sec.gov/Archives/edgar/data/0001385292/0001193125-15-069684-index.htm,2014-12-31
219,Monotype Imaging Holdings Inc,0001385292,https://www.sec.gov/Archives/edgar/data/0001385292/000119312514093952/R10.htm,https://www.sec.gov/Archives/edgar/data/0001385292/0001193125-14-093952-index.htm,2013-12-31
220,Monotype Imaging Holdings Inc,0001385292,https://www.sec.gov/Archives/edgar/data/0001385292/000119312513087668/R10.htm,https://www.sec.gov/Archives/edgar/data/0001385292/0001193125-13-087668-index.htm,2012-12-31
221,Monotype Imaging Holdings Inc,0001385292,https://www.sec.gov/Archives/edgar/data/0001385292/000119312512092133/R9.htm,https://www.sec.gov/Archives/edgar/data/0001385292/0001193125-12-092133-index.htm,2011-12-31
222,Monotype Imaging Holdings Inc,0001385292,http://makeresearchgreatagain.com/sec_files/Monotype_Imaging_Holdings_Inc_2011-03-03_report.html,https://www.sec.gov/Archives/edgar/data/0001385292/0001193125-11-054983-index.htm,2010-12-31
223,Monotype Imaging Holdings Inc,0001385292,http://makeresearchgreatagain.com/sec_files/Monotype_Imaging_Holdings_Inc_2010-03-05_report.html,https://www.sec.gov/Archives/edgar/data/0001385292/0001193125-10-048971-index.htm,2009-12-31
224,Monotype Imaging Holdings Inc,0001385292,http://makeresearchgreatagain.com/sec_files/Monotype_Imaging_Holdings_Inc_2009-03-13_report.html,https://www.sec.gov/Archives/edgar/data/0001385292/0001193125-09-052407-index.htm,2008-12-31
225,Monotype Imaging Holdings Inc,0001385292,http://makeresearchgreatagain.com/sec_files/Monotype_Imaging_Holdings_Inc_2008-03-27_report.html,https://www.sec.gov/Archives/edgar/data/0001385292/0001193125-08-066507-index.htm,2007-12-31
226,NCI Inc,0001334478,https://www.sec.gov/Archives/edgar/data/0001334478/000119312517106881/R20.htm,https://www.sec.gov/Archives/edgar/data/0001334478/0001193125-17-106881-index.htm,2016-12-31
227,NCI Inc,0001334478,https://www.sec.gov/Archives/edgar/data/0001334478/000119312516482459/R20.htm,https://www.sec.gov/Archives/edgar/data/0001334478/0001193125-16-482459-index.htm,2015-12-31
228,NCI Inc,0001334478,No Acquisition,https://www.sec.gov/Archives/edgar/data/0001334478/0000950123-15-002934-index.htm,2014-12-31
229,NCI Inc,0001334478,No Acquisition,https://www.sec.gov/Archives/edgar/data/0001334478/0001193125-14-055449-index.htm,2013-12-31
230,NCI Inc,0001334478,https://www.sec.gov/Archives/edgar/data/0001334478/000119312513084812/R19.htm,https://www.sec.gov/Archives/edgar/data/0001334478/0001193125-13-084812-index.htm,2012-12-31
231,NCI Inc,0001334478,https://www.sec.gov/Archives/edgar/data/0001334478/000095012312004723/R19.htm,https://www.sec.gov/Archives/edgar/data/0001334478/0000950123-12-004723-index.htm,2011-12-31
232,NCI Inc,0001334478,http://makeresearchgreatagain.com/sec_files/NCI_Inc_2011-02-28_report.html,https://www.sec.gov/Archives/edgar/data/0001334478/0000950123-11-019836-index.htm,2010-12-31
233,NCI Inc,0001334478,http://makeresearchgreatagain.com/sec_files/NCI_Inc_2010-03-05_report.html,https://www.sec.gov/Archives/edgar/data/0001334478/0001193125-10-048404-index.htm,2009-12-31
234,NCI Inc,0001334478,http://makeresearchgreatagain.com/sec_files/NCI_Inc_2009-02-27_report.html,https://www.sec.gov/Archives/edgar/data/0001334478/0001193125-09-039939-index.htm,2008-12-31
235,NCI Inc,0001334478,http://makeresearchgreatagain.com/sec_files/NCI_Inc_2008-03-07_report.html,https://www.sec.gov/Archives/edgar/data/0001334478/0001193125-08-049421-index.htm,2007-12-31
236,NCI Inc,0001334478,http://makeresearchgreatagain.com/sec_files/NCI_Inc_2007-03-09_report.html,https://www.sec.gov/Archives/edgar/data/0001334478/0001193125-07-050182-index.htm,2006-12-31
237,NuStar Energy LP,0001110805,https://www.sec.gov/Archives/edgar/data/0001110805/000111080517000006/R11.htm,https://www.sec.gov/Archives/edgar/data/0001110805/0001110805-17-000006-index.htm,2016-12-31
238,NuStar Energy LP,0001110805,https://www.sec.gov/Archives/edgar/data/0001110805/000111080516000046/R11.htm,https://www.sec.gov/Archives/edgar/data/0001110805/0001110805-16-000046-index.htm,2015-12-31
239,NuStar Energy LP,0001110805,https://www.sec.gov/Archives/edgar/data/0001110805/000111080515000010/R12.htm,https://www.sec.gov/Archives/edgar/data/0001110805/0001110805-15-000010-index.htm,2014-12-31
240,NuStar Energy LP,0001110805,https://www.sec.gov/Archives/edgar/data/0001110805/000111080514000010/R12.htm,https://www.sec.gov/Archives/edgar/data/0001110805/0001110805-14-000010-index.htm,2013-12-31
241,NuStar Energy LP,0001110805,https://www.sec.gov/Archives/edgar/data/0001110805/000111080513000002/R12.htm,https://www.sec.gov/Archives/edgar/data/0001110805/0001110805-13-000002-index.htm,2012-12-31
242,NuStar Energy LP,0001110805,https://www.sec.gov/Archives/edgar/data/0001110805/000111080512000002/R12.htm,https://www.sec.gov/Archives/edgar/data/0001110805/0001110805-12-000002-index.htm,2011-12-31
243,NuStar Energy LP,0001110805,http://makeresearchgreatagain.com/sec_files/NuStar_Energy_LP_2011-02-25_report.html,https://www.sec.gov/Archives/edgar/data/0001110805/0001193125-11-047582-index.htm,2010-12-31
244,NuStar Energy LP,0001110805,http://makeresearchgreatagain.com/sec_files/NuStar_Energy_LP_2010-02-26_report.html,https://www.sec.gov/Archives/edgar/data/0001110805/0001193125-10-043080-index.htm,2009-12-31
245,NuStar Energy LP,0001110805,http://makeresearchgreatagain.com/sec_files/NuStar_Energy_LP_2009-02-27_report.html,https://www.sec.gov/Archives/edgar/data/0001110805/0001193125-09-040717-index.htm,2008-12-31
246,NuStar Energy LP,0001110805,http://makeresearchgreatagain.com/sec_files/NuStar_Energy_LP_2008-02-29_report.html,https://www.sec.gov/Archives/edgar/data/0001110805/0001193125-08-042138-index.htm,2007-12-31
247,NuStar Energy LP,0001110805,http://makeresearchgreatagain.com/sec_files/NuStar_Energy_LP_2007-02-28_report.html,https://www.sec.gov/Archives/edgar/data/0001110805/0001193125-07-042873-index.htm,2006-12-31
248,Omnicare Inc,0000353230,https://www.sec.gov/Archives/edgar/data/0000353230/000035323015000010/R10.htm,https://www.sec.gov/Archives/edgar/data/0000353230/0000353230-15-000010-index.htm,2014-12-31
249,Omnicare Inc,0000353230,https://www.sec.gov/Archives/edgar/data/0000353230/000035323014000012/R10.htm,https://www.sec.gov/Archives/edgar/data/0000353230/0000353230-14-000012-index.htm,2013-12-31
250,Omnicare Inc,0000353230,https://www.sec.gov/Archives/edgar/data/0000353230/000035323013000009/R12.htm,https://www.sec.gov/Archives/edgar/data/0000353230/0000353230-13-000009-index.htm,2012-12-31
251,Omnicare Inc,0000353230,https://www.sec.gov/Archives/edgar/data/0000353230/000144264312000021/R12.htm,https://www.sec.gov/Archives/edgar/data/0000353230/0001442643-12-000021-index.htm,2011-12-31
252,Omnicare Inc,0000353230,http://makeresearchgreatagain.com/sec_files/Omnicare_Inc_2010-02-25_report.html,https://www.sec.gov/Archives/edgar/data/0000353230/0001442643-10-000009-index.htm,2010-02-25
253,Omnicare Inc,0000353230,http://makeresearchgreatagain.com/sec_files/Omnicare_Inc_2009-02-26_report.html,https://www.sec.gov/Archives/edgar/data/0000353230/0000930413-09-001035-index.htm,2008-12-31
254,Omnicare Inc,0000353230,http://makeresearchgreatagain.com/sec_files/Omnicare_Inc_2008-02-28_report.html,https://www.sec.gov/Archives/edgar/data/0000353230/0000930413-08-001273-index.htm,2007-12-31
255,Omnicare Inc,0000353230,http://makeresearchgreatagain.com/sec_files/Omnicare_Inc_2007-03-01_report.html,https://www.sec.gov/Archives/edgar/data/0000353230/0000930413-07-001883-index.htm,2006-12-31
256,Regency Energy Partners LP,0001338613,https://www.sec.gov/Archives/edgar/data/0001338613/000133861315000008/R13.htm,https://www.sec.gov/Archives/edgar/data/0001338613/0001338613-15-000008-index.htm,2014-12-31
257,Regency Energy Partners LP,0001338613,https://www.sec.gov/Archives/edgar/data/0001338613/000133861314000012/R13.htm,https://www.sec.gov/Archives/edgar/data/0001338613/0001338613-14-000012-index.htm,2013-12-31
258,Regency Energy Partners LP,0001338613,https://www.sec.gov/Archives/edgar/data/0001338613/000133861313000011/R15.htm,https://www.sec.gov/Archives/edgar/data/0001338613/0001338613-13-000011-index.htm,2012-12-31
259,Regency Energy Partners LP,0001338613,https://www.sec.gov/Archives/edgar/data/0001338613/000133861312000013/R15.htm,https://www.sec.gov/Archives/edgar/data/0001338613/0001338613-12-000013-index.htm,2011-12-31
260,Regency Energy Partners LP,0001338613,http://makeresearchgreatagain.com/sec_files/Regency_Energy_Partners_LP_2011-02-18_report.html,https://www.sec.gov/Archives/edgar/data/0001338613/0001193125-11-039809-index.htm,2010-12-31
261,Regency Energy Partners LP,0001338613,http://makeresearchgreatagain.com/sec_files/Regency_Energy_Partners_LP_2010-03-01_report.html,https://www.sec.gov/Archives/edgar/data/0001338613/0001193125-10-043736-index.htm,2009-12-31
262,Regency Energy Partners LP,0001338613,http://makeresearchgreatagain.com/sec_files/Regency_Energy_Partners_LP_2009-03-02_report.html,https://www.sec.gov/Archives/edgar/data/0001338613/0001193125-09-041738-index.htm,2008-12-31
263,Regency Energy Partners LP,0001338613,http://makeresearchgreatagain.com/sec_files/Regency_Energy_Partners_LP_2008-02-29_report.html,https://www.sec.gov/Archives/edgar/data/0001338613/0001338613-08-000005-index.htm,2008-02-29
264,Regency Energy Partners LP,0001338613,http://makeresearchgreatagain.com/sec_files/Regency_Energy_Partners_LP_2007-03-30_report.html,https://www.sec.gov/Archives/edgar/data/0001338613/0000950134-07-007003-index.htm,2006-12-31
265,ResMed Inc,0000943819,No Acquisition,https://www.sec.gov/Archives/edgar/data/0000943819/0001193125-17-248016-index.htm,2017-06-30
266,ResMed Inc,0000943819,No Acquisition,https://www.sec.gov/Archives/edgar/data/0000943819/0001193125-16-673607-index.htm,2016-06-30
267,ResMed Inc,0000943819,No Acquisition,https://www.sec.gov/Archives/edgar/data/0000943819/0001193125-15-281887-index.htm,2015-06-30
268,ResMed Inc,0000943819,No Acquisition,https://www.sec.gov/Archives/edgar/data/0000943819/0001193125-14-301852-index.htm,2014-06-30
269,ResMed Inc,0000943819,No Acquisition,https://www.sec.gov/Archives/edgar/data/0000943819/0001193125-13-331415-index.htm,2013-06-30
270,ResMed Inc,0000943819,https://www.sec.gov/Archives/edgar/data/0000943819/000119312512353206/R26.htm,https://www.sec.gov/Archives/edgar/data/0000943819/0001193125-12-353206-index.htm,2012-06-30
271,ResMed Inc,0000943819,No Acquisition,https://www.sec.gov/Archives/edgar/data/0000943819/0001193125-11-224622-index.htm,2011-06-30
272,ResMed Inc,0000943819,http://makeresearchgreatagain.com/sec_files/ResMed_Inc_2010-08-17_report.html,https://www.sec.gov/Archives/edgar/data/0000943819/0001193125-10-190619-index.htm,2010-06-30
273,ResMed Inc,0000943819,http://makeresearchgreatagain.com/sec_files/ResMed_Inc_2009-08-21_report.html,https://www.sec.gov/Archives/edgar/data/0000943819/0001193125-09-179280-index.htm,2009-06-30
274,ResMed Inc,0000943819,http://makeresearchgreatagain.com/sec_files/ResMed_Inc_2008-08-28_report.html,https://www.sec.gov/Archives/edgar/data/0000943819/0001193125-08-185614-index.htm,2008-06-30
275,ResMed Inc,0000943819,http://makeresearchgreatagain.com/sec_files/ResMed_Inc_2007-08-28_report.html,https://www.sec.gov/Archives/edgar/data/0000943819/0001193125-07-190078-index.htm,2007-06-30
276,Superior Well Services Inc,0001323715,http://makeresearchgreatagain.com/sec_files/Superior_Well_Services_Inc_2010-03-09_report.html,https://www.sec.gov/Archives/edgar/data/0001323715/0000950123-10-022634-index.htm,2009-12-31
277,Superior Well Services Inc,0001323715,http://makeresearchgreatagain.com/sec_files/Superior_Well_Services_Inc_2009-03-13_report.html,https://www.sec.gov/Archives/edgar/data/0001323715/0000950152-09-002610-index.htm,2008-12-31
278,Superior Well Services Inc,0001323715,http://makeresearchgreatagain.com/sec_files/Superior_Well_Services_Inc_2008-03-11_report.html,https://www.sec.gov/Archives/edgar/data/0001323715/0000950152-08-001841-index.htm,2007-12-31
279,Superior Well Services Inc,0001323715,http://makeresearchgreatagain.com/sec_files/Superior_Well_Services_Inc_2007-03-09_report.html,https://www.sec.gov/Archives/edgar/data/0001323715/0000950152-07-001954-index.htm,2006-12-31
280,Time Warner Cable Inc,0001377013,https://www.sec.gov/Archives/edgar/data/0001377013/000119312516461316/R14.htm,https://www.sec.gov/Archives/edgar/data/0001377013/0001193125-16-461316-index.htm,2015-12-31
281,Time Warner Cable Inc,0001377013,https://www.sec.gov/Archives/edgar/data/0001377013/000119312515048927/R15.htm,https://www.sec.gov/Archives/edgar/data/0001377013/0001193125-15-048927-index.htm,2014-12-31
282,Time Warner Cable Inc,0001377013,https://www.sec.gov/Archives/edgar/data/0001377013/000119312514056642/R13.htm,https://www.sec.gov/Archives/edgar/data/0001377013/0001193125-14-056642-index.htm,2013-12-31
283,Time Warner Cable Inc,0001377013,https://www.sec.gov/Archives/edgar/data/0001377013/000119312513062081/R14.htm,https://www.sec.gov/Archives/edgar/data/0001377013/0001193125-13-062081-index.htm,2012-12-31
284,Time Warner Cable Inc,0001377013,https://www.sec.gov/Archives/edgar/data/0001377013/000119312512066776/R15.htm,https://www.sec.gov/Archives/edgar/data/0001377013/0001193125-12-066776-index.htm,2011-12-31
285,Time Warner Cable Inc,0001377013,http://makeresearchgreatagain.com/sec_files/Time_Warner_Cable_Inc_2011-02-18_report.html,https://www.sec.gov/Archives/edgar/data/0001377013/0000950123-11-015515-index.htm,2010-12-31
286,Time Warner Cable Inc,0001377013,http://makeresearchgreatagain.com/sec_files/Time_Warner_Cable_Inc_2010-02-19_report.html,https://www.sec.gov/Archives/edgar/data/0001377013/0000950123-10-014438-index.htm,2009-12-31
287,Time Warner Cable Inc,0001377013,http://makeresearchgreatagain.com/sec_files/Time_Warner_Cable_Inc_2009-02-20_report.html,https://www.sec.gov/Archives/edgar/data/0001377013/0000950144-09-001480-index.htm,2008-12-31
288,Time Warner Cable Inc,0001377013,http://makeresearchgreatagain.com/sec_files/Time_Warner_Cable_Inc_2008-02-22_report.html,https://www.sec.gov/Archives/edgar/data/0001377013/0000950144-08-001292-index.htm,2007-12-31
289,Time Warner Cable Inc,0001377013,http://makeresearchgreatagain.com/sec_files/Time_Warner_Cable_Inc_2007-02-23_report.html,https://www.sec.gov/Archives/edgar/data/0001377013/0000950144-07-001551-index.htm,2006-12-31
290,VCA Antech Inc,0000817366,https://www.sec.gov/Archives/edgar/data/0000817366/000162828017001885/R13.htm,https://www.sec.gov/Archives/edgar/data/0000817366/0001628280-17-001885-index.htm,2016-12-31
291,VCA Antech Inc,0000817366,https://www.sec.gov/Archives/edgar/data/0000817366/000162828016011807/R13.htm,https://www.sec.gov/Archives/edgar/data/0000817366/0001628280-16-011807-index.htm,2015-12-31
292,VCA Antech Inc,0000817366,https://www.sec.gov/Archives/edgar/data/0000817366/000162828015001124/R12.htm,https://www.sec.gov/Archives/edgar/data/0000817366/0001628280-15-001124-index.htm,2014-12-31
293,VCA Antech Inc,0000817366,https://www.sec.gov/Archives/edgar/data/0000817366/000081736614000002/R15.htm,https://www.sec.gov/Archives/edgar/data/0000817366/0000817366-14-000002-index.htm,2013-12-31
294,VCA Antech Inc,0000817366,https://www.sec.gov/Archives/edgar/data/0000817366/000081736613000003/R15.htm,https://www.sec.gov/Archives/edgar/data/0000817366/0000817366-13-000003-index.htm,2012-12-31
295,VCA Antech Inc,0000817366,https://www.sec.gov/Archives/edgar/data/0000817366/000119312512088954/R13.htm,https://www.sec.gov/Archives/edgar/data/0000817366/0001193125-12-088954-index.htm,2011-12-31
296,VCA Antech Inc,0000817366,No Acquisition,https://www.sec.gov/Archives/edgar/data/0000817366/0000950123-11-019633-index.htm,2010-12-31
297,VCA Antech Inc,0000817366,http://makeresearchgreatagain.com/sec_files/VCA_Antech_Inc_2010-02-26_report.html,https://www.sec.gov/Archives/edgar/data/0000817366/0000950123-10-018314-index.htm,2009-12-31
298,VCA Antech Inc,0000817366,http://makeresearchgreatagain.com/sec_files/VCA_Antech_Inc_2009-02-27_report.html,https://www.sec.gov/Archives/edgar/data/0000817366/0000950134-09-004012-index.htm,2008-12-31
299,VCA Antech Inc,0000817366,http://makeresearchgreatagain.com/sec_files/VCA_Antech_Inc_2008-02-29_report.html,https://www.sec.gov/Archives/edgar/data/0000817366/0000950148-08-000048-index.htm,2007-12-31
300,VCA Antech Inc,0000817366,http://makeresearchgreatagain.com/sec_files/VCA_Antech_Inc_2007-03-01_report.html,https://www.sec.gov/Archives/edgar/data/0000817366/0000950124-07-001227-index.htm,2006-12-31
301,VCA Inc,0000817366,https://www.sec.gov/Archives/edgar/data/0000817366/000162828017001885/R13.htm,https://www.sec.gov/Archives/edgar/data/0000817366/0001628280-17-001885-index.htm,2016-12-31
302,VCA Inc,0000817366,https://www.sec.gov/Archives/edgar/data/0000817366/000162828016011807/R13.htm,https://www.sec.gov/Archives/edgar/data/0000817366/0001628280-16-011807-index.htm,2015-12-31
303,VCA Inc,0000817366,https://www.sec.gov/Archives/edgar/data/0000817366/000162828015001124/R12.htm,https://www.sec.gov/Archives/edgar/data/0000817366/0001628280-15-001124-index.htm,2014-12-31
304,VCA Inc,0000817366,https://www.sec.gov/Archives/edgar/data/0000817366/000081736614000002/R15.htm,https://www.sec.gov/Archives/edgar/data/0000817366/0000817366-14-000002-index.htm,2013-12-31
305,VCA Inc,0000817366,https://www.sec.gov/Archives/edgar/data/0000817366/000081736613000003/R15.htm,https://www.sec.gov/Archives/edgar/data/0000817366/0000817366-13-000003-index.htm,2012-12-31
306,VCA Inc,0000817366,https://www.sec.gov/Archives/edgar/data/0000817366/000119312512088954/R13.htm,https://www.sec.gov/Archives/edgar/data/0000817366/0001193125-12-088954-index.htm,2011-12-31
307,VCA Inc,0000817366,No Acquisition,https://www.sec.gov/Archives/edgar/data/0000817366/0000950123-11-019633-index.htm,2010-12-31
308,VCA Inc,0000817366,http://makeresearchgreatagain.com/sec_files/VCA_Inc_2010-02-26_report.html,https://www.sec.gov/Archives/edgar/data/0000817366/0000950123-10-018314-index.htm,2009-12-31
309,VCA Inc,0000817366,http://makeresearchgreatagain.com/sec_files/VCA_Inc_2009-02-27_report.html,https://www.sec.gov/Archives/edgar/data/0000817366/0000950134-09-004012-index.htm,2008-12-31
310,VCA Inc,0000817366,http://makeresearchgreatagain.com/sec_files/VCA_Inc_2008-02-29_report.html,https://www.sec.gov/Archives/edgar/data/0000817366/0000950148-08-000048-index.htm,2007-12-31
311,VCA Inc,0000817366,http://makeresearchgreatagain.com/sec_files/VCA_Inc_2007-03-01_report.html,https://www.sec.gov/Archives/edgar/data/0000817366/0000950124-07-001227-index.htm,2006-12-31
312,Vonage Holdings Corp,0001272830,https://www.sec.gov/Archives/edgar/data/0001272830/000127283017000018/R19.htm,https://www.sec.gov/Archives/edgar/data/0001272830/0001272830-17-000018-index.htm,2016-12-31
313,Vonage Holdings Corp,0001272830,https://www.sec.gov/Archives/edgar/data/0001272830/000127283016000113/R19.htm,https://www.sec.gov/Archives/edgar/data/0001272830/0001272830-16-000113-index.htm,2015-12-31
314,Vonage Holdings Corp,0001272830,https://www.sec.gov/Archives/edgar/data/0001272830/000127283015000025/R19.htm,https://www.sec.gov/Archives/edgar/data/0001272830/0001272830-15-000025-index.htm,2014-12-31
315,Vonage Holdings Corp,0001272830,https://www.sec.gov/Archives/edgar/data/0001272830/000127283014000020/R19.htm,https://www.sec.gov/Archives/edgar/data/0001272830/0001272830-14-000020-index.htm,2013-12-31
316,Vonage Holdings Corp,0001272830,No Acquisition,https://www.sec.gov/Archives/edgar/data/0001272830/0001272830-13-000018-index.htm,2012-12-31
317,Vonage Holdings Corp,0001272830,No Acquisition,https://www.sec.gov/Archives/edgar/data/0001272830/0001272830-12-000022-index.htm,2011-12-31
318,Vonage Holdings Corp,0001272830,http://makeresearchgreatagain.com/sec_files/Vonage_Holdings_Corp_2011-02-17_report.html,https://www.sec.gov/Archives/edgar/data/0001272830/0001193125-11-038059-index.htm,2010-12-31
319,Vonage Holdings Corp,0001272830,http://makeresearchgreatagain.com/sec_files/Vonage_Holdings_Corp_2010-02-26_report.html,https://www.sec.gov/Archives/edgar/data/0001272830/0001193125-10-043170-index.htm,2009-12-31
320,Vonage Holdings Corp,0001272830,No Acquisition,https://www.sec.gov/Archives/edgar/data/0001272830/0001193125-09-043745-index.htm,2008-12-31
321,Vonage Holdings Corp,0001272830,No Acquisition,https://www.sec.gov/Archives/edgar/data/0001272830/0001193125-08-059036-index.htm,2007-12-31
322,Vonage Holdings Corp,0001272830,No Acquisition,https://www.sec.gov/Archives/edgar/data/0001272830/0001193125-07-082917-index.htm,2006-12-31
323,WESCO International Inc,0000929008,https://www.sec.gov/Archives/edgar/data/0000929008/000092900817000005/R11.htm,https://www.sec.gov/Archives/edgar/data/0000929008/0000929008-17-000005-index.htm,2016-12-31
324,WESCO International Inc,0000929008,https://www.sec.gov/Archives/edgar/data/0000929008/000092900816000049/R11.htm,https://www.sec.gov/Archives/edgar/data/0000929008/0000929008-16-000049-index.htm,2015-12-31
325,WESCO International Inc,0000929008,https://www.sec.gov/Archives/edgar/data/0000929008/000092900815000006/R11.htm,https://www.sec.gov/Archives/edgar/data/0000929008/0000929008-15-000006-index.htm,2014-12-31
326,WESCO International Inc,0000929008,https://www.sec.gov/Archives/edgar/data/0000929008/000092900814000006/R12.htm,https://www.sec.gov/Archives/edgar/data/0000929008/0000929008-14-000006-index.htm,2013-12-31
327,WESCO International Inc,0000929008,https://www.sec.gov/Archives/edgar/data/0000929008/000092900813000009/R13.htm,https://www.sec.gov/Archives/edgar/data/0000929008/0000929008-13-000009-index.htm,2012-12-31
328,WESCO International Inc,0000929008,https://www.sec.gov/Archives/edgar/data/0000929008/000092900812000010/R13.htm,https://www.sec.gov/Archives/edgar/data/0000929008/0000929008-12-000010-index.htm,2011-12-31
329,WESCO International Inc,0000929008,http://makeresearchgreatagain.com/sec_files/WESCO_International_Inc_2011-02-25_report.html,https://www.sec.gov/Archives/edgar/data/0000929008/0000950123-11-018103-index.htm,2010-12-31
330,WESCO International Inc,0000929008,http://makeresearchgreatagain.com/sec_files/WESCO_International_Inc_2010-02-26_report.html,https://www.sec.gov/Archives/edgar/data/0000929008/0000950123-10-018312-index.htm,2009-12-31
331,WESCO International Inc,0000929008,http://makeresearchgreatagain.com/sec_files/WESCO_International_Inc_2009-02-27_report.html,https://www.sec.gov/Archives/edgar/data/0000929008/0000950152-09-001958-index.htm,2008-12-31
332,WESCO International Inc,0000929008,http://makeresearchgreatagain.com/sec_files/WESCO_International_Inc_2008-02-29_report.html,https://www.sec.gov/Archives/edgar/data/0000929008/0000950152-08-001567-index.htm,2007-12-31
333,WESCO International Inc,0000929008,http://makeresearchgreatagain.com/sec_files/WESCO_International_Inc_2007-03-01_report.html,https://www.sec.gov/Archives/edgar/data/0000929008/0000950152-07-001674-index.htm,2006-12-31
334,Zayo Group Holdings Inc,0001608249,https://www.sec.gov/Archives/edgar/data/0001608249/000155837017006767/R10.htm,https://www.sec.gov/Archives/edgar/data/0001608249/0001558370-17-006767-index.htm,2017-06-30
335,Zayo Group Holdings Inc,0001608249,https://www.sec.gov/Archives/edgar/data/0001608249/000155837016008117/R10.htm,https://www.sec.gov/Archives/edgar/data/0001608249/0001558370-16-008117-index.htm,2016-06-30
336,Zayo Group Holdings Inc,0001608249,https://www.sec.gov/Archives/edgar/data/0001608249/000156459015008052/R10.htm,https://www.sec.gov/Archives/edgar/data/0001608249/0001564590-15-008052-index.htm,2015-06-30
